Link Name,Center of Mass X,Center of Mass Y,Center of Mass Z,Center of Mass Roll,Center of Mass Pitch,Center of Mass Yaw,Mass,Moment Ixx,Moment Ixy,Moment Ixz,Moment Iyy,Moment Iyz,Moment Izz,Visual X,Visual Y,Visual Z,Visual Roll,Visual Pitch,Visual Yaw,Mesh Filename,Color Red,Color Green,Color Blue,Color Alpha,Collision X,Collision Y,Collision Z,Collision Roll,Collision Pitch,Collision Yaw,Collision Mesh Filename,Material Name,SW Components,Coordinate System,Axis Name,Joint Name,Joint Type,Joint Origin X,Joint Origin Y,Joint Origin Z,Joint Origin Roll,Joint Origin Pitch,Joint Origin Yaw,Parent,Joint Axis X,Joint Axis Y,Joint Axis Z,Limit Effort,Limit Velocity,Limit Lower,Limit Upper,Calibration rising,Calibration falling,Dynamics Damping,Dynamics Friction,Safety Soft Upper,Safety Soft Lower,Safety K Position,Safety K Velocity
base_link,-2.70523135620682E-06,-7.70134319499228E-06,0.0289808350909289,0,0,0,0.79874480798149,0.00167922927706365,-1.88775164237296E-09,1.97136369561046E-08,0.00100413042930826,-2.1823444305057E-07,0.00243992061460991,0,0,0,0,0,0,package://reBot_B601_DM/meshes/base_link.STL,0.627450980392157,0.627450980392157,0.627450980392157,1,0,0,0,0,0,0,package://reBot_B601_DM/meshes/base_link.STL,,reBot_B601_DM_v1.1_20260401.step-1/01-BASE-1_ASM.step-1/2026-04-01-17-17-26-979.step-1/7-HM4-75.step-3;reBot_B601_DM_v1.1_20260401.step-1/01-BASE-1_ASM.step-1/2026-04-01-17-17-26-979.step-1/7-HM4-75.step-4;reBot_B601_DM_v1.1_20260401.step-1/01-BASE-1_ASM.step-1/2026-04-01-17-17-26-979.step-1/7-HM4-75.step-2;reBot_B601_DM_v1.1_20260401.step-1/01-BASE-1_ASM.step-1/2026-04-01-17-17-26-979.step-1/7-HM4-75.step-1;reBot_B601_DM_v1.1_20260401.step-1/01-BASE-1_ASM.step-1/2026-04-01-17-17-26-979.step-1/7-KM3-8-XIAO.step-2;reBot_B601_DM_v1.1_20260401.step-1/01-BASE-1_ASM.step-1/2026-04-01-17-17-26-979.step-1/7-KM3-8-XIAO.step-3;reBot_B601_DM_v1.1_20260401.step-1/01-BASE-1_ASM.step-1/2026-04-01-17-17-26-979.step-1/6-THRUST-BEARING-OD78ID55H5.step-1;reBot_B601_DM_v1.1_20260401.step-1/01-BASE-1_ASM.step-1/2026-04-01-17-17-26-979.step-1/DM-J4340P.step-1;reBot_B601_DM_v1.1_20260401.step-1/01-BASE-1_ASM.step-1/2026-04-01-17-13-05-853.step-1/1-BASE-PLATE-1.step-1;reBot_B601_DM_v1.1_20260401.step-1/01-BASE-1_ASM.step-1/2026-04-01-17-13-05-853.step-1/1-BASE-UP-1.step-1;reBot_B601_DM_v1.1_20260401.step-1/01-BASE-1_ASM.step-1/2026-04-01-17-19-22-932.step-1/2-M1-STATOR-1.step-1,base_link,,,,0,0,0,0,0,0,,0,0,0,,,,,,,,,,,,
link1,1.20584908205569E-05,-0.000522462700249251,0.0197721792915801,0,0,0,0.0840736498625263,8.53930680558479E-05,-5.36083090566684E-11,-8.1878892265138E-06,5.08885968641724E-05,-1.61532065578219E-10,8.03867731313707E-05,0,0,0,0,0,0,package://reBot_B601_DM/meshes/link1.STL,0.627450980392157,0.627450980392157,0.627450980392157,1,0,0,0,0,0,0,package://reBot_B601_DM/meshes/link1.STL,,reBot_B601_DM_v1.1_20260401.step-1/2026-04-01-16-48-42-413.step-1/2026-04-01-17-26-50-842.step-1/1-SPACE-1.step-1;reBot_B601_DM_v1.1_20260401.step-1/2026-04-01-16-48-42-413.step-1/2026-04-01-17-21-14-943.step-1/6-SILICONE-L30W9H2.step-1;reBot_B601_DM_v1.1_20260401.step-1/2026-04-01-16-48-42-413.step-1/2026-04-01-17-24-05-844.step-1/2-SHAFT-SLEEVE-STATOR-1.step-1;reBot_B601_DM_v1.1_20260401.step-1/2026-04-01-16-48-42-413.step-1/2026-04-01-17-24-05-844.step-1/2-SHAFT-SLEEVE-ROTATOR-1.step-1;reBot_B601_DM_v1.1_20260401.step-1/2026-04-01-16-48-42-413.step-1/2026-04-01-17-21-14-943.step-1/7-KA3-12.step-2;reBot_B601_DM_v1.1_20260401.step-1/2026-04-01-16-48-42-413.step-1/2026-04-01-17-24-05-844.step-1/2-M1-ROTOR-1.step-1;reBot_B601_DM_v1.1_20260401.step-1/2026-04-01-16-48-42-413.step-1/2026-04-01-17-24-05-844.step-1/2-U-PLATE-1.step-1;reBot_B601_DM_v1.1_20260401.step-1/2026-04-01-16-48-42-413.step-1/2026-04-01-17-21-14-943.step-1/7-KA3-12.step-1,link1,joint1,joint1,revolute,-8.416E-05,0,0.08465,0,0,0,base_link,0,0,1,27,50,-2.8,2.8,,,,,,,,
link2,-0.13224463371047,-0.00305031595315752,-0.0309299400248282,0,0,0,0.710394385134637,0.00025002655459552,-1.60716279794484E-06,-2.51351488849151E-09,0.00186321981627926,-4.3654216031628E-07,0.00186007710433815,0,0,0,0,0,0,package://reBot_B601_DM/meshes/link2.STL,0.627450980392157,0.627450980392157,0.627450980392157,1,0,0,0,0,0,0,package://reBot_B601_DM/meshes/link2.STL,,reBot_B601_DM_v1.1_20260401.step-1/02-LINK-1_ASM.step-1/2026-04-01-17-30-12-212.step-1/2-LINK-1-ARM.step-1;reBot_B601_DM_v1.1_20260401.step-1/02-LINK-1_ASM.step-1/2026-04-01-17-35-08-724.step-1/1-DOWN-COVER.step-1;reBot_B601_DM_v1.1_20260401.step-1/02-LINK-1_ASM.step-1/2026-04-01-17-35-08-724.step-1/1-DOWN-DECORATION-L.step-1;reBot_B601_DM_v1.1_20260401.step-1/02-LINK-1_ASM.step-1/2026-04-01-17-35-08-724.step-1/1-SPACE-DOWN.step-1;reBot_B601_DM_v1.1_20260401.step-1/02-LINK-1_ASM.step-1/2026-04-01-17-28-59-434.step-1/DM-J4340P.step-2;reBot_B601_DM_v1.1_20260401.step-1/02-LINK-1_ASM.step-1/2026-04-01-17-30-12-212.step-1/2-SPACE-STATOR-1.step-1;reBot_B601_DM_v1.1_20260401.step-1/02-LINK-1_ASM.step-1/2026-04-01-17-30-12-212.step-1/2-LINK-1-ARM.step-2;reBot_B601_DM_v1.1_20260401.step-1/02-LINK-1_ASM.step-1/2026-04-01-17-35-08-724.step-1/1-DOWN-DECORATION-R.step-1;reBot_B601_DM_v1.1_20260401.step-1/02-LINK-1_ASM.step-1/2026-04-01-17-28-59-434.step-1/DM-J4340P.step-1;reBot_B601_DM_v1.1_20260401.step-1/02-LINK-1_ASM.step-1/2026-04-01-17-30-12-212.step-1/2-SPACE-STATOR-1.step-2;reBot_B601_DM_v1.1_20260401.step-1/02-LINK-1_ASM.step-1/2026-04-01-17-28-59-434.step-1/7-KM3-7.step-14;reBot_B601_DM_v1.1_20260401.step-1/02-LINK-1_ASM.step-1/2026-04-01-17-28-59-434.step-1/7-KM3-7.step-11;reBot_B601_DM_v1.1_20260401.step-1/02-LINK-1_ASM.step-1/2026-04-01-17-28-59-434.step-1/7-KM3-7.step-16;reBot_B601_DM_v1.1_20260401.step-1/02-LINK-1_ASM.step-1/2026-04-01-17-28-59-434.step-1/7-KA3-12.step-14;reBot_B601_DM_v1.1_20260401.step-1/02-LINK-1_ASM.step-1/2026-04-01-17-28-59-434.step-1/7-KM3-7.step-1;reBot_B601_DM_v1.1_20260401.step-1/02-LINK-1_ASM.step-1/2026-04-01-17-28-59-434.step-1/7-KA3-12.step-12;reBot_B601_DM_v1.1_20260401.step-1/02-LINK-1_ASM.step-1/2026-04-01-17-28-59-434.step-1/7-KM3-7.step-6;reBot_B601_DM_v1.1_20260401.step-1/02-LINK-1_ASM.step-1/2026-04-01-17-28-59-434.step-1/7-KM3-7.step-22;reBot_B601_DM_v1.1_20260401.step-1/02-LINK-1_ASM.step-1/2026-04-01-17-28-59-434.step-1/7-KA3-12.step-17;reBot_B601_DM_v1.1_20260401.step-1/02-LINK-1_ASM.step-1/2026-04-01-17-28-59-434.step-1/7-KA3-12.step-6;reBot_B601_DM_v1.1_20260401.step-1/02-LINK-1_ASM.step-1/2026-04-01-17-28-59-434.step-1/7-KM3-7.step-10;reBot_B601_DM_v1.1_20260401.step-1/02-LINK-1_ASM.step-1/2026-04-01-17-28-59-434.step-1/7-KM3-7.step-23;reBot_B601_DM_v1.1_20260401.step-1/02-LINK-1_ASM.step-1/2026-04-01-17-28-59-434.step-1/7-KM3-7.step-2;reBot_B601_DM_v1.1_20260401.step-1/02-LINK-1_ASM.step-1/2026-04-01-17-28-59-434.step-1/7-KM3-7.step-3;reBot_B601_DM_v1.1_20260401.step-1/02-LINK-1_ASM.step-1/2026-04-01-17-28-59-434.step-1/7-KM3-7.step-15;reBot_B601_DM_v1.1_20260401.step-1/02-LINK-1_ASM.step-1/2026-04-01-17-28-59-434.step-1/7-KM3-7.step-12;reBot_B601_DM_v1.1_20260401.step-1/02-LINK-1_ASM.step-1/2026-04-01-17-28-59-434.step-1/7-KM3-7.step-4;reBot_B601_DM_v1.1_20260401.step-1/02-LINK-1_ASM.step-1/2026-04-01-17-28-59-434.step-1/7-KA3-12.step-15;reBot_B601_DM_v1.1_20260401.step-1/02-LINK-1_ASM.step-1/2026-04-01-17-28-59-434.step-1/7-KA3-12.step-13;reBot_B601_DM_v1.1_20260401.step-1/02-LINK-1_ASM.step-1/2026-04-01-17-28-59-434.step-1/7-KM3-7.step-17;reBot_B601_DM_v1.1_20260401.step-1/02-LINK-1_ASM.step-1/2026-04-01-17-28-59-434.step-1/7-KM3-7.step-24;reBot_B601_DM_v1.1_20260401.step-1/02-LINK-1_ASM.step-1/2026-04-01-17-28-59-434.step-1/7-KM3-7.step-20;reBot_B601_DM_v1.1_20260401.step-1/02-LINK-1_ASM.step-1/2026-04-01-17-28-59-434.step-1/7-KM3-7.step-19;reBot_B601_DM_v1.1_20260401.step-1/02-LINK-1_ASM.step-1/2026-04-01-17-28-59-434.step-1/7-KA3-12.step-16;reBot_B601_DM_v1.1_20260401.step-1/02-LINK-1_ASM.step-1/2026-04-01-17-28-59-434.step-1/7-KA3-12.step-10;reBot_B601_DM_v1.1_20260401.step-1/02-LINK-1_ASM.step-1/2026-04-01-17-28-59-434.step-1/7-KM3-7.step-21;reBot_B601_DM_v1.1_20260401.step-1/02-LINK-1_ASM.step-1/2026-04-01-17-28-59-434.step-1/7-KM3-7.step-5;reBot_B601_DM_v1.1_20260401.step-1/02-LINK-1_ASM.step-1/2026-04-01-17-28-59-434.step-1/7-KM3-7.step-18;reBot_B601_DM_v1.1_20260401.step-1/02-LINK-1_ASM.step-1/2026-04-01-17-28-59-434.step-1/7-KM3-7.step-8;reBot_B601_DM_v1.1_20260401.step-1/02-LINK-1_ASM.step-1/2026-04-01-17-28-59-434.step-1/7-KM3-7.step-7;reBot_B601_DM_v1.1_20260401.step-1/02-LINK-1_ASM.step-1/2026-04-01-17-28-59-434.step-1/7-KM3-7.step-9;reBot_B601_DM_v1.1_20260401.step-1/02-LINK-1_ASM.step-1/2026-04-01-17-28-59-434.step-1/7-KM3-7.step-13;reBot_B601_DM_v1.1_20260401.step-1/02-LINK-1_ASM.step-1/2026-04-01-17-28-59-434.step-1/7-KM3-9.step-3;reBot_B601_DM_v1.1_20260401.step-1/02-LINK-1_ASM.step-1/2026-04-01-17-28-59-434.step-1/7-KM3-9.step-4;reBot_B601_DM_v1.1_20260401.step-1/02-LINK-1_ASM.step-1/2026-04-01-17-28-59-434.step-1/7-KM3-9.step-7;reBot_B601_DM_v1.1_20260401.step-1/02-LINK-1_ASM.step-1/2026-04-01-17-28-59-434.step-1/7-KM3-9.step-8;reBot_B601_DM_v1.1_20260401.step-1/2026-04-01-16-48-42-413.step-1/2026-04-01-17-21-14-943.step-1/6-BEARING-OD26ID17H5.step-1;reBot_B601_DM_v1.1_20260401.step-1/02-LINK-1_ASM.step-1/2026-04-01-17-28-59-434.step-1/7-KM3-9.step-1;reBot_B601_DM_v1.1_20260401.step-1/02-LINK-1_ASM.step-1/2026-04-01-17-28-59-434.step-1/6-BEARING-OD26ID17H5.step-1;reBot_B601_DM_v1.1_20260401.step-1/02-LINK-1_ASM.step-1/2026-04-01-17-28-59-434.step-1/7-KM3-9.step-5;reBot_B601_DM_v1.1_20260401.step-1/02-LINK-1_ASM.step-1/2026-04-01-17-28-59-434.step-1/7-KM3-9.step-6;reBot_B601_DM_v1.1_20260401.step-1/02-LINK-1_ASM.step-1/2026-04-01-17-28-59-434.step-1/7-KM3-9.step-2,link2,joint2,joint2,revolute,0.020084,0.031625,0.05555,-1.5708,0,0,link1,0,0,-1,27,50,-3.14,0,,,,,,,,
link3,0.121507513227854,-0.0537568110785864,-0.0310861781014441,0,0,0,0.524941641463797,0.000160157099217385,1.61604034679669E-05,3.33082723975693E-06,0.0012490558993018,-2.96940941279738E-07,0.00125568117526387,0,0,0,0,0,0,package://reBot_B601_DM/meshes/link3.STL,0.627450980392157,0.627450980392157,0.627450980392157,1,0,0,0,0,0,0,package://reBot_B601_DM/meshes/link3.STL,,reBot_B601_DM_v1.1_20260401.step-1/03-LINK-2_ASM.step-1/2026-04-01-17-43-51-870.step-1/7-KM3-9.step-9;reBot_B601_DM_v1.1_20260401.step-1/03-LINK-2_ASM.step-1/2026-04-01-17-43-51-870.step-1/7-KM3-9.step-7;reBot_B601_DM_v1.1_20260401.step-1/03-LINK-2_ASM.step-1/2026-04-01-17-43-51-870.step-1/7-KM3-9.step-11;reBot_B601_DM_v1.1_20260401.step-1/03-LINK-2_ASM.step-1/2026-04-01-17-43-51-870.step-1/7-KM3-9.step-8;reBot_B601_DM_v1.1_20260401.step-1/03-LINK-2_ASM.step-1/2026-04-01-17-44-53-197.step-1/1-LINK-2-ARM-L.step-1;reBot_B601_DM_v1.1_20260401.step-1/03-LINK-2_ASM.step-1/2026-04-01-17-43-51-870.step-1/7-KA3-12.step-23;reBot_B601_DM_v1.1_20260401.step-1/03-LINK-2_ASM.step-1/2026-04-01-17-43-51-870.step-1/7-KA3-12.step-22;reBot_B601_DM_v1.1_20260401.step-1/03-LINK-2_ASM.step-1/2026-04-01-17-43-51-870.step-1/7-KA3-12.step-26;reBot_B601_DM_v1.1_20260401.step-1/03-LINK-2_ASM.step-1/2026-04-01-17-46-12-194.step-1/2-SPACE-UP.step-1;reBot_B601_DM_v1.1_20260401.step-1/03-LINK-2_ASM.step-1/2026-04-01-17-46-12-194.step-1/1-HANDLE.step-1;reBot_B601_DM_v1.1_20260401.step-1/03-LINK-2_ASM.step-1/2026-04-01-17-43-51-870.step-1/7-KA3-12.step-1;reBot_B601_DM_v1.1_20260401.step-1/03-LINK-2_ASM.step-1/2026-04-01-17-43-51-870.step-1/7-KA3-12.step-13;reBot_B601_DM_v1.1_20260401.step-1/03-LINK-2_ASM.step-1/2026-04-01-17-43-51-870.step-1/7-KA3-12.step-14;reBot_B601_DM_v1.1_20260401.step-1/03-LINK-2_ASM.step-1/2026-04-01-17-43-51-870.step-1/7-KM3-9.step-16;reBot_B601_DM_v1.1_20260401.step-1/03-LINK-2_ASM.step-1/2026-04-01-17-43-51-870.step-1/7-KM3-9.step-17;reBot_B601_DM_v1.1_20260401.step-1/03-LINK-2_ASM.step-1/2026-04-01-17-43-51-870.step-1/7-KM3-9.step-18;reBot_B601_DM_v1.1_20260401.step-1/03-LINK-2_ASM.step-1/2026-04-01-17-43-51-870.step-1/7-KM3-9.step-15;reBot_B601_DM_v1.1_20260401.step-1/03-LINK-2_ASM.step-1/2026-04-01-17-46-12-194.step-1/1-UP-COVER.step-1;reBot_B601_DM_v1.1_20260401.step-1/03-LINK-2_ASM.step-1/2026-04-01-17-46-12-194.step-1/1-UP-DECORATION-R.step-1;reBot_B601_DM_v1.1_20260401.step-1/03-LINK-2_ASM.step-1/2026-04-01-17-46-12-194.step-1/1-UP-DECORATION-L.step-1;reBot_B601_DM_v1.1_20260401.step-1/03-LINK-2_ASM.step-1/2026-04-01-17-43-51-870.step-1/DM-J4310.step-1;reBot_B601_DM_v1.1_20260401.step-1/03-LINK-2_ASM.step-1/2026-04-01-17-44-53-197.step-1/2-SPACE-STATOR-1.step-1;reBot_B601_DM_v1.1_20260401.step-1/03-LINK-2_ASM.step-1/2026-04-01-17-43-51-870.step-1/7-KA3-12.step-18;reBot_B601_DM_v1.1_20260401.step-1/03-LINK-2_ASM.step-1/2026-04-01-17-43-51-870.step-1/7-KA3-12.step-21;reBot_B601_DM_v1.1_20260401.step-1/03-LINK-2_ASM.step-1/2026-04-01-17-43-51-870.step-1/7-KM3-7.step-3;reBot_B601_DM_v1.1_20260401.step-1/03-LINK-2_ASM.step-1/2026-04-01-17-43-51-870.step-1/7-KA3-12.step-11;reBot_B601_DM_v1.1_20260401.step-1/03-LINK-2_ASM.step-1/2026-04-01-17-43-51-870.step-1/7-KM3-7.step-7;reBot_B601_DM_v1.1_20260401.step-1/03-LINK-2_ASM.step-1/2026-04-01-17-43-51-870.step-1/7-KA3-12.step-12;reBot_B601_DM_v1.1_20260401.step-1/03-LINK-2_ASM.step-1/2026-04-01-17-43-51-870.step-1/7-KM3-7.step-2;reBot_B601_DM_v1.1_20260401.step-1/03-LINK-2_ASM.step-1/2026-04-01-17-43-51-870.step-1/7-KM3-7.step-5;reBot_B601_DM_v1.1_20260401.step-1/03-LINK-2_ASM.step-1/2026-04-01-17-43-51-870.step-1/7-KM3-7.step-10;reBot_B601_DM_v1.1_20260401.step-1/03-LINK-2_ASM.step-1/2026-04-01-17-43-51-870.step-1/7-KM3-7.step-4;reBot_B601_DM_v1.1_20260401.step-1/03-LINK-2_ASM.step-1/2026-04-01-17-43-51-870.step-1/7-KM3-7.step-11;reBot_B601_DM_v1.1_20260401.step-1/03-LINK-2_ASM.step-1/2026-04-01-17-43-51-870.step-1/7-KM3-7.step-12;reBot_B601_DM_v1.1_20260401.step-1/03-LINK-2_ASM.step-1/2026-04-01-17-43-51-870.step-1/7-KM3-7.step-8;reBot_B601_DM_v1.1_20260401.step-1/03-LINK-2_ASM.step-1/2026-04-01-17-44-53-197.step-1/2-LINK-2-ARM-R.step-1;reBot_B601_DM_v1.1_20260401.step-1/03-LINK-2_ASM.step-1/2026-04-01-17-43-51-870.step-1/7-KM3-7.step-9;reBot_B601_DM_v1.1_20260401.step-1/03-LINK-2_ASM.step-1/2026-04-01-17-43-51-870.step-1/7-KM3-7.step-6;reBot_B601_DM_v1.1_20260401.step-1/03-LINK-2_ASM.step-1/2026-04-01-17-43-51-870.step-1/7-KM3-7.step-1;reBot_B601_DM_v1.1_20260401.step-1/03-LINK-2_ASM.step-1/2026-04-01-17-43-51-870.step-1/7-KA3-12.step-19;reBot_B601_DM_v1.1_20260401.step-1/03-LINK-2_ASM.step-1/2026-04-01-17-43-51-870.step-1/7-KA3-12.step-25;reBot_B601_DM_v1.1_20260401.step-1/03-LINK-2_ASM.step-1/2026-04-01-17-43-51-870.step-1/7-KA3-12.step-24;reBot_B601_DM_v1.1_20260401.step-1/03-LINK-2_ASM.step-1/2026-04-01-17-43-51-870.step-1/7-KA3-12.step-20;reBot_B601_DM_v1.1_20260401.step-1/03-LINK-2_ASM.step-1/2026-04-01-17-44-53-197.step-1/2-SHAFT-SLEEVE-ROTATOR-1.step-1;reBot_B601_DM_v1.1_20260401.step-1/03-LINK-2_ASM.step-1/2026-04-01-17-44-53-197.step-1/2-CONNECTING-ROD-1-L.step-1;reBot_B601_DM_v1.1_20260401.step-1/03-LINK-2_ASM.step-1/2026-04-01-17-43-51-870.step-1/7-KA3-12.step-3;reBot_B601_DM_v1.1_20260401.step-1/03-LINK-2_ASM.step-1/2026-04-01-17-43-51-870.step-1/7-KA3-12.step-8;reBot_B601_DM_v1.1_20260401.step-1/03-LINK-2_ASM.step-1/2026-04-01-17-43-51-870.step-1/7-KA3-12.step-7;reBot_B601_DM_v1.1_20260401.step-1/03-LINK-2_ASM.step-1/2026-04-01-17-43-51-870.step-1/7-KA3-12.step-9;reBot_B601_DM_v1.1_20260401.step-1/03-LINK-2_ASM.step-1/2026-04-01-17-44-53-197.step-1/2-SHAFT-SLEEVE-STATOR-1.step-1;reBot_B601_DM_v1.1_20260401.step-1/03-LINK-2_ASM.step-1/2026-04-01-17-44-53-197.step-1/2-CONNECTING-ROD-1-R.step-1;reBot_B601_DM_v1.1_20260401.step-1/03-LINK-2_ASM.step-1/2026-04-01-17-43-51-870.step-1/7-KM3-9.step-13;reBot_B601_DM_v1.1_20260401.step-1/03-LINK-2_ASM.step-1/2026-04-01-17-43-51-870.step-1/6-BEARING-OD26ID17H5.step-1;reBot_B601_DM_v1.1_20260401.step-1/03-LINK-2_ASM.step-1/2026-04-01-17-43-51-870.step-1/7-KM3-9.step-10;reBot_B601_DM_v1.1_20260401.step-1/03-LINK-2_ASM.step-1/2026-04-01-17-43-51-870.step-1/7-KM3-9.step-12;reBot_B601_DM_v1.1_20260401.step-1/03-LINK-2_ASM.step-1/2026-04-01-17-43-51-870.step-1/7-KM3-9.step-14,link3,joint3,joint3,revolute,-0.264,0,0,0,0,0,link2,0,0,1,27,50,-3.14,0,,,,,,,,
link4,0.061238184630837,-0.0515229512575593,-0.0303340352955361,0,0,0,0.191139210958177,7.18184289326935E-05,1.12301944953989E-05,5.19641435321906E-08,0.000112900067587289,-2.21782679810789E-07,0.000101141504875367,0,0,0,0,0,0,package://reBot_B601_DM/meshes/link4.STL,0.627450980392157,0.627450980392157,0.627450980392157,1,0,0,0,0,0,0,package://reBot_B601_DM/meshes/link4.STL,,reBot_B601_DM_v1.1_20260401.step-1/04-LINK-3_ASM.step-1/2026-04-01-17-54-20-953.step-1/2-SHAFT-SLEEVE-ROTATOR-1.step-1;reBot_B601_DM_v1.1_20260401.step-1/03-LINK-2_ASM.step-1/2026-04-01-17-44-53-197.step-1/2-SHAFT-SLEEVE-STATOR-1.step-2;reBot_B601_DM_v1.1_20260401.step-1/04-LINK-3_ASM.step-1/2026-04-01-17-53-05-654.step-1/7-KM3-7.step-14;reBot_B601_DM_v1.1_20260401.step-1/04-LINK-3_ASM.step-1/2026-04-01-17-53-05-654.step-1/7-KM3-7.step-15;reBot_B601_DM_v1.1_20260401.step-1/04-LINK-3_ASM.step-1/2026-04-01-17-53-05-654.step-1/7-KM3-7.step-11;reBot_B601_DM_v1.1_20260401.step-1/04-LINK-3_ASM.step-1/2026-04-01-17-53-05-654.step-1/7-KM3-7.step-12;reBot_B601_DM_v1.1_20260401.step-1/04-LINK-3_ASM.step-1/2026-04-01-17-53-05-654.step-1/7-KM3-7.step-16;reBot_B601_DM_v1.1_20260401.step-1/04-LINK-3_ASM.step-1/2026-04-01-17-53-05-654.step-1/7-KM3-7.step-13;reBot_B601_DM_v1.1_20260401.step-1/04-LINK-3_ASM.step-1/2026-04-01-17-59-41-762.step-1/1-WIRE-CLIP-1.step-1;reBot_B601_DM_v1.1_20260401.step-1/04-LINK-3_ASM.step-1/2026-04-01-17-53-05-654.step-1/7-KM3-12.step-2;reBot_B601_DM_v1.1_20260401.step-1/04-LINK-3_ASM.step-1/2026-04-01-17-53-05-654.step-1/7-KM3-12.step-1;reBot_B601_DM_v1.1_20260401.step-1/04-LINK-3_ASM.step-1/2026-04-01-17-59-41-762.step-1/1-WIRE-SLIP-COVER-1.step-1;reBot_B601_DM_v1.1_20260401.step-1/04-LINK-3_ASM.step-1/2026-04-01-17-53-05-654.step-1/7-KM3-7.step-10;reBot_B601_DM_v1.1_20260401.step-1/04-LINK-3_ASM.step-1/2026-04-01-17-53-05-654.step-1/7-KM3-7.step-2;reBot_B601_DM_v1.1_20260401.step-1/04-LINK-3_ASM.step-1/2026-04-01-17-53-05-654.step-1/7-KM3-7.step-8;reBot_B601_DM_v1.1_20260401.step-1/04-LINK-3_ASM.step-1/2026-04-01-17-53-05-654.step-1/7-KM3-7.step-9;reBot_B601_DM_v1.1_20260401.step-1/04-LINK-3_ASM.step-1/2026-04-01-17-53-05-654.step-1/7-KM3-7.step-6;reBot_B601_DM_v1.1_20260401.step-1/04-LINK-3_ASM.step-1/2026-04-01-17-53-05-654.step-1/7-KM3-7.step-4;reBot_B601_DM_v1.1_20260401.step-1/04-LINK-3_ASM.step-1/2026-04-01-17-53-05-654.step-1/7-KM3-7.step-3;reBot_B601_DM_v1.1_20260401.step-1/04-LINK-3_ASM.step-1/2026-04-01-17-53-05-654.step-1/7-KM3-7.step-1;reBot_B601_DM_v1.1_20260401.step-1/04-LINK-3_ASM.step-1/2026-04-01-17-53-05-654.step-1/7-KM3-7.step-7;reBot_B601_DM_v1.1_20260401.step-1/04-LINK-3_ASM.step-1/2026-04-01-17-53-05-654.step-1/7-KM3-7.step-5;reBot_B601_DM_v1.1_20260401.step-1/04-LINK-3_ASM.step-1/2026-04-01-17-54-20-953.step-1/2-CONNECTING-ROD-2-R.step-1;reBot_B601_DM_v1.1_20260401.step-1/04-LINK-3_ASM.step-1/2026-04-01-17-54-20-953.step-1/2-CONNECTING-ROD-2-L.step-1;reBot_B601_DM_v1.1_20260401.step-1/04-LINK-3_ASM.step-1/2026-04-01-17-53-05-654.step-1/DM-J4310.step-1;reBot_B601_DM_v1.1_20260401.step-1/04-LINK-3_ASM.step-1/2026-04-01-17-54-20-953.step-1/2-M5-BASE.step-1,link4,joint4,joint4,revolute,0.2426,-0.054,-0.001625,0,0,0,link3,0,0,1,7,200,-1.87,1.57,,,,,,,,
link5,-0.00504933073079916,1.74603032631183E-06,0.0387866303386367,0,0,0,0.150004102098704,6.79196566468738E-05,7.20236787349709E-10,2.82554291060982E-06,5.17186991458655E-05,-9.87947761675261E-09,5.43656904485735E-05,0,0,0,0,0,0,package://reBot_B601_DM/meshes/link5.STL,0.627450980392157,0.627450980392157,0.627450980392157,1,0,0,0,0,0,0,package://reBot_B601_DM/meshes/link5.STL,,reBot_B601_DM_v1.1_20260401.step-1/2026-04-01-17-02-36-958.step-1/2026-04-01-13-55-23-871.step-1/2-SHAFT-SLEEVE-ROTATOR-1.step-1;reBot_B601_DM_v1.1_20260401.step-1/2026-04-01-17-02-36-958.step-1/2026-04-01-13-55-23-873.step-1/1-SPACE-2.step-1;reBot_B601_DM_v1.1_20260401.step-1/2026-04-01-17-02-36-958.step-1/2026-04-01-13-55-23-870.step-1/7-KM3-9.step-2;reBot_B601_DM_v1.1_20260401.step-1/2026-04-01-17-02-36-958.step-1/2026-04-01-13-55-23-870.step-1/7-KM3-9.step-1;reBot_B601_DM_v1.1_20260401.step-1/2026-04-01-17-02-36-958.step-1/2026-04-01-13-55-23-870.step-1/7-KM3-12.step-2;reBot_B601_DM_v1.1_20260401.step-1/2026-04-01-17-02-36-958.step-1/2026-04-01-13-55-23-870.step-1/7-KM3-12.step-1;reBot_B601_DM_v1.1_20260401.step-1/2026-04-01-17-02-36-958.step-1/2026-04-01-13-55-23-873.step-1/1-WIRE-CLIP-2.step-1;reBot_B601_DM_v1.1_20260401.step-1/2026-04-01-17-02-36-958.step-1/2026-04-01-13-55-23-873.step-1/1-WIRE-CLIP-COVER-2.step-1;reBot_B601_DM_v1.1_20260401.step-1/2026-04-01-17-02-36-958.step-1/2026-04-01-13-55-23-870.step-1/7-KA3-12.step-2;reBot_B601_DM_v1.1_20260401.step-1/2026-04-01-17-02-36-958.step-1/2026-04-01-13-55-23-870.step-1/7-KA3-12.step-1;reBot_B601_DM_v1.1_20260401.step-1/2026-04-01-17-02-36-958.step-1/2026-04-01-13-55-23-870.step-1/7-KA3-12.step-3;reBot_B601_DM_v1.1_20260401.step-1/2026-04-01-17-02-36-958.step-1/2026-04-01-13-55-23-870.step-1/7-KA3-12.step-4;reBot_B601_DM_v1.1_20260401.step-1/2026-04-01-17-02-36-958.step-1/2026-04-01-13-55-23-871.step-1/2-M5-ROTOR-L.step-1;reBot_B601_DM_v1.1_20260401.step-1/2026-04-01-17-02-36-958.step-1/2026-04-01-13-55-23-870.step-1/DM-J4310.step-1,link5,joint5,joint5,revolute,0.078308,-0.0375,-0.03,-1.5708,0,0,link4,0,0,1,7,200,-1.57,1.57,,,,,,,,
link6,-1.76034430144079E-05,7.61449749704647E-09,0.00431722560895043,0,0,0,0.0187271664583674,4.42801172036323E-06,-1.26927907354552E-13,1.52049684129752E-10,4.37712746743999E-06,2.59076551968407E-13,8.55249688102954E-06,0,0,0,0,0,0,package://reBot_B601_DM/meshes/link6.STL,0.627450980392157,0.627450980392157,0.627450980392157,1,0,0,0,0,0,0,package://reBot_B601_DM/meshes/link6.STL,,reBot_B601_DM_v1.1_20260401.step-1/05-GRIPPER_ASM.step-1/2026-04-01-13-55-23-866.step-1/7-HM3-12.step-7;reBot_B601_DM_v1.1_20260401.step-1/05-GRIPPER_ASM.step-1/2026-04-01-13-55-23-866.step-1/7-HM3-12.step-4;reBot_B601_DM_v1.1_20260401.step-1/05-GRIPPER_ASM.step-1/2026-04-01-13-55-23-866.step-1/7-HM3-12.step-6;reBot_B601_DM_v1.1_20260401.step-1/05-GRIPPER_ASM.step-1/2026-04-01-13-55-23-863.step-1/2-M6-ROTOR.step-1;reBot_B601_DM_v1.1_20260401.step-1/05-GRIPPER_ASM.step-1/2026-04-01-13-55-23-863.step-1/2-M7-STATOR.step-1,link6,joint6,joint6,revolute,0.023692,0,0.04,0,1.5708,0,link5,0,0,-1,7,200,-3.14,3.14,,,,,,,,
gripper_link,-0.114004561318349,7.30809317876245E-05,-8.09823710312685E-08,0,0,0,0.181800159130401,0.000232385828320558,2.7758402808361E-07,6.04874123741653E-10,5.85085867367051E-05,1.15493362272035E-08,0.000205213535847192,0,0,0,0,0,0,package://reBot_B601_DM/meshes/gripper_link.STL,0.627450980392157,0.627450980392157,0.627450980392157,1,0,0,0,0,0,0,package://reBot_B601_DM/meshes/gripper_link.STL,,reBot_B601_DM_v1.1_20260401.step-1/05-GRIPPER_ASM.step-1/2026-04-01-13-55-23-866.step-1/7-KA3-12.step-4;reBot_B601_DM_v1.1_20260401.step-1/05-GRIPPER_ASM.step-1/2026-04-01-13-55-23-866.step-1/7-KA3-12.step-3;reBot_B601_DM_v1.1_20260401.step-1/05-GRIPPER_ASM.step-1/2026-04-01-13-55-23-866.step-1/7-KA3-12.step-2;reBot_B601_DM_v1.1_20260401.step-1/05-GRIPPER_ASM.step-1/2026-04-01-13-55-23-866.step-1/7-KA3-12.step-1;reBot_B601_DM_v1.1_20260401.step-1/2026-04-01-17-05-40-350.step-1/2026-04-01-13-55-23-899.step-1/1-RAIL-BASE-2.step-1;reBot_B601_DM_v1.1_20260401.step-1/2026-04-01-17-05-40-350.step-1/2026-04-01-13-55-23-888.step-1/7-HM3-25.step-4;reBot_B601_DM_v1.1_20260401.step-1/2026-04-01-17-05-40-350.step-1/2026-04-01-13-55-23-888.step-1/7-HM3-25.step-6;reBot_B601_DM_v1.1_20260401.step-1/2026-04-01-17-05-40-350.step-1/2026-04-01-13-55-23-888.step-1/7-HM3-25.step-3;reBot_B601_DM_v1.1_20260401.step-1/2026-04-01-17-05-40-350.step-1/2026-04-01-13-55-23-894.step-1/2-M7-ROTOR.step-1;reBot_B601_DM_v1.1_20260401.step-1/2026-04-01-17-05-40-350.step-1/2026-04-01-13-55-23-888.step-1/7-KM3-7.step-1;reBot_B601_DM_v1.1_20260401.step-1/2026-04-01-17-05-40-350.step-1/2026-04-01-13-55-23-888.step-1/6-RAIL-170.step-1;reBot_B601_DM_v1.1_20260401.step-1/2026-04-01-17-05-40-350.step-1/2026-04-01-13-55-23-888.step-1/7-HM3-25.step-1;reBot_B601_DM_v1.1_20260401.step-1/2026-04-01-17-05-40-350.step-1/2026-04-01-13-55-23-888.step-1/7-HM3-25.step-5;reBot_B601_DM_v1.1_20260401.step-1/2026-04-01-17-05-40-350.step-1/2026-04-01-13-55-23-888.step-1/7-HM3-25.step-2;reBot_B601_DM_v1.1_20260401.step-1/2026-04-01-17-05-40-350.step-1/2026-04-01-13-55-23-888.step-1/7-KM3-7.step-10;reBot_B601_DM_v1.1_20260401.step-1/2026-04-01-17-05-40-350.step-1/2026-04-01-13-55-23-888.step-1/7-KM3-7.step-8;reBot_B601_DM_v1.1_20260401.step-1/2026-04-01-17-05-40-350.step-1/2026-04-01-13-55-23-888.step-1/7-KM3-7.step-3;reBot_B601_DM_v1.1_20260401.step-1/2026-04-01-17-05-40-350.step-1/2026-04-01-13-55-23-888.step-1/7-KM3-7.step-6;reBot_B601_DM_v1.1_20260401.step-1/2026-04-01-17-05-40-350.step-1/2026-04-01-13-55-23-888.step-1/7-KM3-7.step-9;reBot_B601_DM_v1.1_20260401.step-1/2026-04-01-17-05-40-350.step-1/2026-04-01-13-55-23-888.step-1/7-KM3-7.step-12;reBot_B601_DM_v1.1_20260401.step-1/2026-04-01-17-05-40-350.step-1/2026-04-01-13-55-23-888.step-1/7-KM3-7.step-2;reBot_B601_DM_v1.1_20260401.step-1/05-GRIPPER_ASM.step-1/2026-04-01-13-55-23-860.step-1/1-WIRE-CLIP-COVER-2.step-1;reBot_B601_DM_v1.1_20260401.step-1/05-GRIPPER_ASM.step-1/2026-04-01-13-55-23-860.step-1/1-WIRE-CLIP-2.step-1;reBot_B601_DM_v1.1_20260401.step-1/2026-04-01-17-05-40-350.step-1/2026-04-01-13-55-23-888.step-1/7-KM3-7.step-5;reBot_B601_DM_v1.1_20260401.step-1/2026-04-01-17-05-40-350.step-1/2026-04-01-13-55-23-888.step-1/7-KM3-7.step-7;reBot_B601_DM_v1.1_20260401.step-1/2026-04-01-17-05-40-350.step-1/2026-04-01-13-55-23-888.step-1/7-KM3-7.step-11;reBot_B601_DM_v1.1_20260401.step-1/2026-04-01-17-05-40-350.step-1/2026-04-01-13-55-23-888.step-1/7-KM3-7.step-4;reBot_B601_DM_v1.1_20260401.step-1/2026-04-01-17-05-40-350.step-1/2026-04-01-13-55-23-888.step-1/7-KA3-12.step-3;reBot_B601_DM_v1.1_20260401.step-1/2026-04-01-17-05-40-350.step-1/2026-04-01-13-55-23-894.step-1/2-RAIL-BASE-1.step-1;reBot_B601_DM_v1.1_20260401.step-1/2026-04-01-17-05-40-350.step-1/2026-04-01-13-55-23-888.step-1/7-KA3-12.step-2;reBot_B601_DM_v1.1_20260401.step-1/2026-04-01-17-05-40-350.step-1/2026-04-01-13-55-23-888.step-1/7-KA3-12.step-4;reBot_B601_DM_v1.1_20260401.step-1/2026-04-01-17-05-40-350.step-1/2026-04-01-13-55-23-888.step-1/7-KA3-12.step-1;reBot_B601_DM_v1.1_20260401.step-1/05-GRIPPER_ASM.step-1/2026-04-01-13-55-23-866.step-1/DM-J4310.step-1,gripper_link,joint6,gripper_joint,fixed,0,0,0.15971,3.1416,-1.5708,0,link6,0,0,0,,,,,,,,,,,,
gripper_left,0.00937154605945142,-0.0183514409006279,-0.00213050813223617,0,0,0,0.0423278952416158,9.68819007445228E-06,1.14547785891207E-06,-1.82410432419993E-08,9.7195653452821E-06,-1.2073761818017E-07,1.13638462227589E-05,0,0,0,0,0,0,package://reBot_B601_DM/meshes/gripper_left.STL,0.627450980392157,0.627450980392157,0.627450980392157,1,0,0,0,0,0,0,package://reBot_B601_DM/meshes/gripper_left.STL,,reBot_B601_DM_v1.1_20260401.step-1/2026-04-01-17-05-40-350.step-1/2026-04-01-13-55-23-894.step-1/2-SLIDER-FIX.step-1;reBot_B601_DM_v1.1_20260401.step-1/2026-04-01-17-05-40-350.step-1/2026-04-01-13-55-23-888.step-1/7-KM3-16.step-6;reBot_B601_DM_v1.1_20260401.step-1/2026-04-01-17-05-40-350.step-1/2026-04-01-13-55-23-888.step-1/7-KM3-16.step-3;reBot_B601_DM_v1.1_20260401.step-1/2026-04-01-17-05-40-350.step-1/2026-04-01-13-55-23-888.step-1/7-KM3-16.step-2;reBot_B601_DM_v1.1_20260401.step-1/2026-04-01-17-05-40-350.step-1/2026-04-01-13-55-23-888.step-1/7-KM3-16.step-5;reBot_B601_DM_v1.1_20260401.step-1/2026-04-01-17-05-40-350.step-1/2026-04-01-13-55-23-899.step-1/2026-03-01-16-08-09-250.step-2;reBot_B601_DM_v1.1_20260401.step-1/2026-04-01-17-05-40-350.step-1/2026-04-01-13-55-23-894.step-1/2-RACK-1M.step-1;reBot_B601_DM_v1.1_20260401.step-1/2026-04-01-17-05-40-350.step-1/2026-04-01-13-55-23-888.step-1/6-SLIDER.step-1;reBot_B601_DM_v1.1_20260401.step-1/2026-04-01-17-05-40-350.step-1/2026-04-01-13-55-23-888.step-1/7-HM3-6.step-3;reBot_B601_DM_v1.1_20260401.step-1/2026-04-01-17-05-40-350.step-1/2026-04-01-13-55-23-888.step-1/7-HM3-6.step-1,gripper_left,gripper_joint1,gripper_joint1,prismatic,-0.042091,2.7531E-05,-1.3031E-05,0,0,-1.5708,gripper_link,1,0,0,100,15,0,0.0715,,,,,,,,
gripper_right,0.00937154599936671,0.0183514410059713,0.00213050822993754,0,0,0,0.0423278949561274,9.68819002375832E-06,-1.14547786360874E-06,1.82410118281856E-08,9.7195652747221E-06,-1.20737613592695E-07,1.13638461944347E-05,0,0,0,0,0,0,package://reBot_B601_DM/meshes/gripper_right.STL,0.627450980392157,0.627450980392157,0.627450980392157,1,0,0,0,0,0,0,package://reBot_B601_DM/meshes/gripper_right.STL,,reBot_B601_DM_v1.1_20260401.step-1/2026-04-01-17-05-40-350.step-1/2026-04-01-13-55-23-899.step-1/2026-03-01-16-08-09-250.step-1;reBot_B601_DM_v1.1_20260401.step-1/2026-04-01-17-05-40-350.step-1/2026-04-01-13-55-23-888.step-1/7-KM3-16.step-7;reBot_B601_DM_v1.1_20260401.step-1/2026-04-01-17-05-40-350.step-1/2026-04-01-13-55-23-888.step-1/7-KM3-16.step-4;reBot_B601_DM_v1.1_20260401.step-1/2026-04-01-17-05-40-350.step-1/2026-04-01-13-55-23-888.step-1/7-KM3-16.step-8;reBot_B601_DM_v1.1_20260401.step-1/2026-04-01-17-05-40-350.step-1/2026-04-01-13-55-23-888.step-1/7-KM3-16.step-1;reBot_B601_DM_v1.1_20260401.step-1/2026-04-01-17-05-40-350.step-1/2026-04-01-13-55-23-894.step-1/2-SLIDER-FIX.step-2;reBot_B601_DM_v1.1_20260401.step-1/2026-04-01-17-05-40-350.step-1/2026-04-01-13-55-23-888.step-1/6-SLIDER.step-2;reBot_B601_DM_v1.1_20260401.step-1/2026-04-01-17-05-40-350.step-1/2026-04-01-13-55-23-894.step-1/2-RACK-1M.step-2;reBot_B601_DM_v1.1_20260401.step-1/2026-04-01-17-05-40-350.step-1/2026-04-01-13-55-23-888.step-1/7-HM3-6.step-4;reBot_B601_DM_v1.1_20260401.step-1/2026-04-01-17-05-40-350.step-1/2026-04-01-13-55-23-888.step-1/7-HM3-6.step-2,gripper_right,gripper_joint2,gripper_joint2,prismatic,-0.042091,-2.7531E-05,1.3031E-05,0,0,1.5708,gripper_link,1,0,0,100,15,0,0.0715,,,,,,,,
Lpla,0.010838742515291,-0.00827985511538873,4.12628303259055E-06,0,0,0,0.0257793986418768,7.66446471723939E-06,1.15030051513251E-06,-1.61239656700403E-10,3.75144216909416E-06,-1.09820537206791E-09,6.8995066080988E-06,0,0,0,0,0,0,package://reBot_B601_DM/meshes/Lpla.STL,0.627450980392157,0.627450980392157,0.627450980392157,1,0,0,0,0,0,0,package://reBot_B601_DM/meshes/Lpla.STL,,reBot_B601_DM_v1.1_20260401.step-1/2026-04-01-17-05-40-350.step-1/2026-04-01-13-55-23-899.step-1/2026-03-01-16-08-09-250.step-2;reBot_B601_DM_v1.1_20260401.step-1/2026-04-01-17-05-40-350.step-1/2026-04-01-13-55-23-888.step-1/6-SLIDER.step-1,gripper_left,gripper_joint1,gripper_joint1,fixed,-0.0420910996239673,2.75313878891078E-05,-1.30309819569852E-05,0,0,-1.5707963267949,gripper_link,0,0,0,,,,,,,,,,,,
Lcnc,0.00708593406484679,-0.0340410489172033,-0.00545586105564008,0,0,0,0.0165484965997391,2.0237253572129E-06,-4.82265622043712E-09,-1.80798035852989E-08,5.96812317618795E-06,-1.19639412808102E-07,4.46433961466014E-06,0,0,0,0,0,0,package://reBot_B601_DM/meshes/Lcnc.STL,0.627450980392157,0.627450980392157,0.627450980392157,1,0,0,0,0,0,0,package://reBot_B601_DM/meshes/Lcnc.STL,,reBot_B601_DM_v1.1_20260401.step-1/2026-04-01-17-05-40-350.step-1/2026-04-01-13-55-23-894.step-1/2-SLIDER-FIX.step-1;reBot_B601_DM_v1.1_20260401.step-1/2026-04-01-17-05-40-350.step-1/2026-04-01-13-55-23-894.step-1/2-RACK-1M.step-1;reBot_B601_DM_v1.1_20260401.step-1/2026-04-01-17-05-40-350.step-1/2026-04-01-13-55-23-888.step-1/7-KM3-16.step-6;reBot_B601_DM_v1.1_20260401.step-1/2026-04-01-17-05-40-350.step-1/2026-04-01-13-55-23-888.step-1/7-KM3-16.step-3;reBot_B601_DM_v1.1_20260401.step-1/2026-04-01-17-05-40-350.step-1/2026-04-01-13-55-23-888.step-1/7-KM3-16.step-5;reBot_B601_DM_v1.1_20260401.step-1/2026-04-01-17-05-40-350.step-1/2026-04-01-13-55-23-888.step-1/7-KM3-16.step-2;reBot_B601_DM_v1.1_20260401.step-1/2026-04-01-17-05-40-350.step-1/2026-04-01-13-55-23-888.step-1/7-HM3-6.step-3;reBot_B601_DM_v1.1_20260401.step-1/2026-04-01-17-05-40-350.step-1/2026-04-01-13-55-23-888.step-1/7-HM3-6.step-1,gripper_left,gripper_joint1,gripper_joint1,fixed,-0.0420910996239673,2.75313878891078E-05,-1.30309819569852E-05,0,0,-1.5707963267949,gripper_link,0,0,0,,,,,,,,,,,,
Rpla,0.0108387424328844,0.00827985517681948,-4.12614625411312E-06,0,0,0,0.0257793983563884,7.66446466654544E-06,-1.15030051982918E-06,1.61208242880913E-10,3.75144209853415E-06,-1.09820078465144E-09,6.89950657977459E-06,0,0,0,0,0,0,package://reBot_B601_DM/meshes/Rpla.STL,0.627450980392157,0.627450980392157,0.627450980392157,1,0,0,0,0,0,0,package://reBot_B601_DM/meshes/Rpla.STL,,reBot_B601_DM_v1.1_20260401.step-1/2026-04-01-17-05-40-350.step-1/2026-04-01-13-55-23-899.step-1/2026-03-01-16-08-09-250.step-1;reBot_B601_DM_v1.1_20260401.step-1/2026-04-01-17-05-40-350.step-1/2026-04-01-13-55-23-888.step-1/6-SLIDER.step-2,gripper_right,gripper_joint2,gripper_joint2,fixed,-0.0420910996239672,-2.75313879008626E-05,1.30309819588448E-05,0,0,1.5707963267949,gripper_link,0,0,0,,,,,,,,,,,,
Rcnc,0.00694889730852522,0.033942823359703,0.00533538926445615,0,0,0,0.0163483178067674,2.02217753470131E-06,4.82265622044033E-09,1.80798035853047E-08,5.96752705862774E-06,-1.19639412808043E-07,4.46279179214856E-06,0,0,0,0,0,0,package://reBot_B601_DM/meshes/Rcnc.STL,0.627450980392157,0.627450980392157,0.627450980392157,1,0,0,0,0,0,0,package://reBot_B601_DM/meshes/Rcnc.STL,,reBot_B601_DM_v1.1_20260401.step-1/2026-04-01-17-05-40-350.step-1/2026-04-01-13-55-23-894.step-1/2-SLIDER-FIX.step-2;reBot_B601_DM_v1.1_20260401.step-1/2026-04-01-17-05-40-350.step-1/2026-04-01-13-55-23-894.step-1/2-RACK-1M.step-2;reBot_B601_DM_v1.1_20260401.step-1/2026-04-01-17-05-40-350.step-1/2026-04-01-13-55-23-888.step-1/7-KM3-16.step-4;reBot_B601_DM_v1.1_20260401.step-1/2026-04-01-17-05-40-350.step-1/2026-04-01-13-55-23-888.step-1/7-KM3-16.step-7;reBot_B601_DM_v1.1_20260401.step-1/2026-04-01-17-05-40-350.step-1/2026-04-01-13-55-23-888.step-1/7-KM3-16.step-8;reBot_B601_DM_v1.1_20260401.step-1/2026-04-01-17-05-40-350.step-1/2026-04-01-13-55-23-888.step-1/7-KM3-16.step-1,gripper_right,gripper_joint2,gripper_joint2,fixed,-0.0420910996239672,-2.75313879008626E-05,1.30309819588448E-05,0,0,1.5707963267949,gripper_link,0,0,0,,,,,,,,,,,,
pla7_black,-0.144987786317441,3.32023771428586E-08,4.99290595035173E-07,0,0,0,0.0179746483449616,1.44631333508208E-05,2.36269260037528E-12,1.91173812725951E-11,9.73282169029446E-06,2.28191720967167E-12,4.98514198354072E-06,0,0,0,0,0,0,package://reBot_B601_DM/meshes/pla7_black.STL,0.627450980392157,0.627450980392157,0.627450980392157,1,0,0,0,0,0,0,package://reBot_B601_DM/meshes/pla7_black.STL,,reBot_B601_DM_v1.1_20260401.step-1/05-GRIPPER_ASM.step-1/2026-04-01-13-55-23-860.step-1/1-WIRE-CLIP-2.step-1;reBot_B601_DM_v1.1_20260401.step-1/05-GRIPPER_ASM.step-1/2026-04-01-13-55-23-866.step-1/7-KA3-12.step-4;reBot_B601_DM_v1.1_20260401.step-1/05-GRIPPER_ASM.step-1/2026-04-01-13-55-23-860.step-1/1-WIRE-CLIP-COVER-2.step-1;reBot_B601_DM_v1.1_20260401.step-1/05-GRIPPER_ASM.step-1/2026-04-01-13-55-23-866.step-1/7-KA3-12.step-2;reBot_B601_DM_v1.1_20260401.step-1/05-GRIPPER_ASM.step-1/2026-04-01-13-55-23-866.step-1/7-KA3-12.step-1;reBot_B601_DM_v1.1_20260401.step-1/05-GRIPPER_ASM.step-1/2026-04-01-13-55-23-866.step-1/7-KA3-12.step-3,gripper_link,joint6,gripper_joint,fixed,0,0,0.159709325645722,0,-1.5707963267949,0,link6,0,0,0,,,,,,,,,,,,
motor7,-0.123428329913327,0.0001350406657399,2.24765293543872E-07,0,0,0,0.0990319790497617,4.09869277988745E-05,2.77627521563486E-07,3.90005357248789E-10,3.40225758861561E-05,1.15470395328958E-08,3.42756025452866E-05,0,0,0,0,0,0,package://reBot_B601_DM/meshes/motor7.STL,0.627450980392157,0.627450980392157,0.627450980392157,1,0,0,0,0,0,0,package://reBot_B601_DM/meshes/motor7.STL,,reBot_B601_DM_v1.1_20260401.step-1/05-GRIPPER_ASM.step-1/2026-04-01-13-55-23-866.step-1/DM-J4310.step-1,gripper_link,joint6,gripper_joint,fixed,0,0,0.159709325645722,0,-1.5707963267949,0,link6,0,0,0,,,,,,,,,,,,
cnc7,-0.0912986476017212,-1.45244899263235E-10,-2.14169571741141E-06,0,0,0,0.0214578253546169,3.5052924684239E-05,1.5313061926236E-14,1.95751385220301E-10,2.56613291437252E-06,1.47770998347042E-14,3.28023512249437E-05,0,0,0,0,0,0,package://reBot_B601_DM/meshes/cnc7.STL,0.627450980392157,0.627450980392157,0.627450980392157,1,0,0,0,0,0,0,package://reBot_B601_DM/meshes/cnc7.STL,,reBot_B601_DM_v1.1_20260401.step-1/2026-04-01-17-05-40-350.step-1/2026-04-01-13-55-23-894.step-1/2-RAIL-BASE-1.step-1;reBot_B601_DM_v1.1_20260401.step-1/2026-04-01-17-05-40-350.step-1/2026-04-01-13-55-23-888.step-1/6-RAIL-170.step-1;reBot_B601_DM_v1.1_20260401.step-1/2026-04-01-17-05-40-350.step-1/2026-04-01-13-55-23-888.step-1/7-HM3-25.step-4;reBot_B601_DM_v1.1_20260401.step-1/2026-04-01-17-05-40-350.step-1/2026-04-01-13-55-23-888.step-1/7-HM3-25.step-6;reBot_B601_DM_v1.1_20260401.step-1/2026-04-01-17-05-40-350.step-1/2026-04-01-13-55-23-888.step-1/7-HM3-25.step-3;reBot_B601_DM_v1.1_20260401.step-1/2026-04-01-17-05-40-350.step-1/2026-04-01-13-55-23-888.step-1/7-HM3-25.step-2;reBot_B601_DM_v1.1_20260401.step-1/2026-04-01-17-05-40-350.step-1/2026-04-01-13-55-23-888.step-1/7-HM3-25.step-5;reBot_B601_DM_v1.1_20260401.step-1/2026-04-01-17-05-40-350.step-1/2026-04-01-13-55-23-888.step-1/7-HM3-25.step-1;reBot_B601_DM_v1.1_20260401.step-1/2026-04-01-17-05-40-350.step-1/2026-04-01-13-55-23-888.step-1/7-KA3-12.step-4;reBot_B601_DM_v1.1_20260401.step-1/2026-04-01-17-05-40-350.step-1/2026-04-01-13-55-23-888.step-1/7-KA3-12.step-1;reBot_B601_DM_v1.1_20260401.step-1/2026-04-01-17-05-40-350.step-1/2026-04-01-13-55-23-894.step-1/2-M7-ROTOR.step-1;reBot_B601_DM_v1.1_20260401.step-1/2026-04-01-17-05-40-350.step-1/2026-04-01-13-55-23-888.step-1/7-KA3-12.step-3;reBot_B601_DM_v1.1_20260401.step-1/2026-04-01-17-05-40-350.step-1/2026-04-01-13-55-23-888.step-1/7-KA3-12.step-2;reBot_B601_DM_v1.1_20260401.step-1/2026-04-01-17-05-40-350.step-1/2026-04-01-13-55-23-888.step-1/7-KM3-7.step-7;reBot_B601_DM_v1.1_20260401.step-1/2026-04-01-17-05-40-350.step-1/2026-04-01-13-55-23-888.step-1/7-KM3-7.step-2;reBot_B601_DM_v1.1_20260401.step-1/2026-04-01-17-05-40-350.step-1/2026-04-01-13-55-23-888.step-1/7-KM3-7.step-5;reBot_B601_DM_v1.1_20260401.step-1/2026-04-01-17-05-40-350.step-1/2026-04-01-13-55-23-888.step-1/7-KM3-7.step-4;reBot_B601_DM_v1.1_20260401.step-1/2026-04-01-17-05-40-350.step-1/2026-04-01-13-55-23-888.step-1/7-KM3-7.step-12;reBot_B601_DM_v1.1_20260401.step-1/2026-04-01-17-05-40-350.step-1/2026-04-01-13-55-23-888.step-1/7-KM3-7.step-11;reBot_B601_DM_v1.1_20260401.step-1/2026-04-01-17-05-40-350.step-1/2026-04-01-13-55-23-888.step-1/7-KM3-7.step-6;reBot_B601_DM_v1.1_20260401.step-1/2026-04-01-17-05-40-350.step-1/2026-04-01-13-55-23-888.step-1/7-KM3-7.step-1;reBot_B601_DM_v1.1_20260401.step-1/2026-04-01-17-05-40-350.step-1/2026-04-01-13-55-23-888.step-1/7-KM3-7.step-10;reBot_B601_DM_v1.1_20260401.step-1/2026-04-01-17-05-40-350.step-1/2026-04-01-13-55-23-888.step-1/7-KM3-7.step-9;reBot_B601_DM_v1.1_20260401.step-1/2026-04-01-17-05-40-350.step-1/2026-04-01-13-55-23-888.step-1/7-KM3-7.step-3;reBot_B601_DM_v1.1_20260401.step-1/2026-04-01-17-05-40-350.step-1/2026-04-01-13-55-23-888.step-1/7-KM3-7.step-8,gripper_link,joint6,gripper_joint,fixed,0,0,0.159709325645722,0,-1.5707963267949,0,link6,0,0,0,,,,,,,,,,,,
pla_green,-0.0908608864892932,-2.02634371926457E-06,7.49400541621981E-16,0,0,0,0.0433357063810609,0.000141882842486623,-4.58714855379715E-11,3.36345637282268E-22,1.21870562458821E-05,-1.5681440354495E-21,0.000133150440093421,0,0,0,0,0,0,package://reBot_B601_DM/meshes/pla_green.STL,0.627450980392157,0.627450980392157,0.627450980392157,1,0,0,0,0,0,0,package://reBot_B601_DM/meshes/pla_green.STL,,reBot_B601_DM_v1.1_20260401.step-1/2026-04-01-17-05-40-350.step-1/2026-04-01-13-55-23-899.step-1/1-RAIL-BASE-2.step-1,gripper_link,joint6,gripper_joint,fixed,0,0,0.159709325645722,0,-1.5707963267949,0,link6,0,0,0,,,,,,,,,,,,
cnc5,-0.0116806147596764,9.3728836864848E-16,0.0163595629940118,0,0,0,0.0191662234983046,9.43363113163402E-06,-2.36517609185848E-19,3.22838581229329E-06,1.10787929155397E-05,2.61362199827766E-19,8.64154133710546E-06,0,0,0,0,0,0,package://reBot_B601_DM/meshes/cnc5.STL,0.627450980392157,0.627450980392157,0.627450980392157,1,0,0,0,0,0,0,package://reBot_B601_DM/meshes/cnc5.STL,,reBot_B601_DM_v1.1_20260401.step-1/2026-04-01-17-02-36-958.step-1/2026-04-01-13-55-23-871.step-1/2-SHAFT-SLEEVE-ROTATOR-1.step-1;reBot_B601_DM_v1.1_20260401.step-1/2026-04-01-17-02-36-958.step-1/2026-04-01-13-55-23-871.step-1/2-M5-ROTOR-L.step-1;reBot_B601_DM_v1.1_20260401.step-1/2026-04-01-17-02-36-958.step-1/2026-04-01-13-55-23-870.step-1/7-KM3-9.step-2;reBot_B601_DM_v1.1_20260401.step-1/2026-04-01-17-02-36-958.step-1/2026-04-01-13-55-23-870.step-1/7-KM3-9.step-1,link5,joint5,joint5,fixed,0.0783077451693101,-0.0375000000000099,-0.0300000000000002,-1.5707963267949,0,0,link4,0,0,0,,,,,,,,,,,,
pla5_black,-0.0190970299009104,4.97724244235905E-07,0.0399999703670228,0,0,0,0.0179746544584692,1.44631364380389E-05,1.89390547613821E-11,-1.73166263518344E-12,4.9851453321178E-06,-8.79671258024557E-13,9.73282159684918E-06,0,0,0,0,0,0,package://reBot_B601_DM/meshes/pla5_black.STL,0.627450980392157,0.627450980392157,0.627450980392157,1,0,0,0,0,0,0,package://reBot_B601_DM/meshes/pla5_black.STL,,reBot_B601_DM_v1.1_20260401.step-1/2026-04-01-17-02-36-958.step-1/2026-04-01-13-55-23-873.step-1/1-WIRE-CLIP-COVER-2.step-1;reBot_B601_DM_v1.1_20260401.step-1/2026-04-01-17-02-36-958.step-1/2026-04-01-13-55-23-873.step-1/1-WIRE-CLIP-2.step-1;reBot_B601_DM_v1.1_20260401.step-1/2026-04-01-17-02-36-958.step-1/2026-04-01-13-55-23-870.step-1/7-KA3-12.step-3;reBot_B601_DM_v1.1_20260401.step-1/2026-04-01-17-02-36-958.step-1/2026-04-01-13-55-23-870.step-1/7-KA3-12.step-4;reBot_B601_DM_v1.1_20260401.step-1/2026-04-01-17-02-36-958.step-1/2026-04-01-13-55-23-870.step-1/7-KA3-12.step-2;reBot_B601_DM_v1.1_20260401.step-1/2026-04-01-17-02-36-958.step-1/2026-04-01-13-55-23-870.step-1/7-KA3-12.step-1,link5,joint5,joint5,fixed,0.0783077451693101,-0.0375000000000099,-0.0300000000000002,-1.5707963267949,0,0,link4,0,0,0,,,,,,,,,,,,
pla5_white,-0.0315528641173237,1.6055147987093E-05,0.0610511612400993,0,0,0,0.0143573023885528,3.07556138548113E-06,3.14402573378694E-10,-1.26834856286475E-07,1.3827692281744E-06,1.66946362208562E-09,2.00799802945247E-06,0,0,0,0,0,0,package://reBot_B601_DM/meshes/pla5_white.STL,0.627450980392157,0.627450980392157,0.627450980392157,1,0,0,0,0,0,0,package://reBot_B601_DM/meshes/pla5_white.STL,,reBot_B601_DM_v1.1_20260401.step-1/2026-04-01-17-02-36-958.step-1/2026-04-01-13-55-23-873.step-1/1-SPACE-2.step-1;reBot_B601_DM_v1.1_20260401.step-1/2026-04-01-17-02-36-958.step-1/2026-04-01-13-55-23-870.step-1/6-SILICONE-L30W9H2.step-1;reBot_B601_DM_v1.1_20260401.step-1/2026-04-01-17-02-36-958.step-1/2026-04-01-13-55-23-870.step-1/7-KM3-12.step-1;reBot_B601_DM_v1.1_20260401.step-1/2026-04-01-17-02-36-958.step-1/2026-04-01-13-55-23-870.step-1/7-KM3-12.step-2,link5,joint5,joint5,fixed,0.0783077451693101,-0.0375000000000099,-0.0300000000000002,-1.5707963267949,0,0,link4,0,0,0,,,,,,,,,,,,
motor5,0.00247325029982938,2.26761861908115E-07,0.0398649579993369,0,0,0,0.0990319769260336,4.09869267880996E-05,3.86895159402334E-10,-2.77625553114237E-07,3.42755999007628E-05,-1.15480615678872E-08,3.40225768155618E-05,0,0,0,0,0,0,package://reBot_B601_DM/meshes/motor5.STL,0.627450980392157,0.627450980392157,0.627450980392157,1,0,0,0,0,0,0,package://reBot_B601_DM/meshes/motor5.STL,,reBot_B601_DM_v1.1_20260401.step-1/2026-04-01-17-02-36-958.step-1/2026-04-01-13-55-23-870.step-1/DM-J4310.step-1,link5,joint5,joint5,fixed,0.0783077451693101,-0.0375000000000099,-0.0300000000000002,-1.5707963267949,0,0,link4,0,0,0,,,,,,,,,,,,
cnc4,0.0321702910318196,-0.0262183229426556,-0.0307268230686178,0,0,0,0.056868784790618,2.33441460322984E-05,7.13967018544983E-06,7.53126430829925E-08,4.25481562453098E-05,-8.55332348838631E-10,4.70275247334559E-05,0,0,0,0,0,0,package://reBot_B601_DM/meshes/cnc4.STL,0.627450980392157,0.627450980392157,0.627450980392157,1,0,0,0,0,0,0,package://reBot_B601_DM/meshes/cnc4.STL,,reBot_B601_DM_v1.1_20260401.step-1/03-LINK-2_ASM.step-1/2026-04-01-17-44-53-197.step-1/2-SHAFT-SLEEVE-STATOR-1.step-2;reBot_B601_DM_v1.1_20260401.step-1/04-LINK-3_ASM.step-1/2026-04-01-17-54-20-953.step-1/2-SHAFT-SLEEVE-ROTATOR-1.step-1;reBot_B601_DM_v1.1_20260401.step-1/04-LINK-3_ASM.step-1/2026-04-01-17-53-05-654.step-1/7-KM3-7.step-11;reBot_B601_DM_v1.1_20260401.step-1/04-LINK-3_ASM.step-1/2026-04-01-17-53-05-654.step-1/7-KM3-7.step-15;reBot_B601_DM_v1.1_20260401.step-1/04-LINK-3_ASM.step-1/2026-04-01-17-53-05-654.step-1/7-KM3-7.step-14;reBot_B601_DM_v1.1_20260401.step-1/04-LINK-3_ASM.step-1/2026-04-01-17-54-20-953.step-1/2-M5-BASE.step-1;reBot_B601_DM_v1.1_20260401.step-1/04-LINK-3_ASM.step-1/2026-04-01-17-53-05-654.step-1/7-KM3-7.step-13;reBot_B601_DM_v1.1_20260401.step-1/04-LINK-3_ASM.step-1/2026-04-01-17-53-05-654.step-1/7-KM3-7.step-16;reBot_B601_DM_v1.1_20260401.step-1/04-LINK-3_ASM.step-1/2026-04-01-17-53-05-654.step-1/7-KM3-7.step-12;reBot_B601_DM_v1.1_20260401.step-1/04-LINK-3_ASM.step-1/2026-04-01-17-53-05-654.step-1/7-KM3-7.step-1;reBot_B601_DM_v1.1_20260401.step-1/04-LINK-3_ASM.step-1/2026-04-01-17-53-05-654.step-1/7-KM3-7.step-7;reBot_B601_DM_v1.1_20260401.step-1/04-LINK-3_ASM.step-1/2026-04-01-17-53-05-654.step-1/7-KM3-7.step-5;reBot_B601_DM_v1.1_20260401.step-1/04-LINK-3_ASM.step-1/2026-04-01-17-53-05-654.step-1/7-KM3-7.step-6;reBot_B601_DM_v1.1_20260401.step-1/04-LINK-3_ASM.step-1/2026-04-01-17-53-05-654.step-1/7-KM3-7.step-4;reBot_B601_DM_v1.1_20260401.step-1/04-LINK-3_ASM.step-1/2026-04-01-17-53-05-654.step-1/7-KM3-7.step-3;reBot_B601_DM_v1.1_20260401.step-1/04-LINK-3_ASM.step-1/2026-04-01-17-54-20-953.step-1/2-CONNECTING-ROD-2-R.step-1;reBot_B601_DM_v1.1_20260401.step-1/04-LINK-3_ASM.step-1/2026-04-01-17-54-20-953.step-1/2-CONNECTING-ROD-2-L.step-1,link4,joint4,joint4,fixed,0.24259998557688,-0.0539999749309626,-0.00162499999999922,0,0,0,link3,0,0,0,,,,,,,,,,,,
pla4_black,0.0601781405121093,-0.0665162413706297,-0.0302593860391822,0,0,0,0.0352384408609987,1.41986789433583E-05,4.09091240542988E-06,-3.48956906660655E-08,2.93649808722893E-05,5.67002785425886E-08,2.00914000877419E-05,0,0,0,0,0,0,package://reBot_B601_DM/meshes/pla4_black.STL,0.627450980392157,0.627450980392157,0.627450980392157,1,0,0,0,0,0,0,package://reBot_B601_DM/meshes/pla4_black.STL,,reBot_B601_DM_v1.1_20260401.step-1/04-LINK-3_ASM.step-1/2026-04-01-17-59-41-762.step-1/1-WIRE-SLIP-COVER-1.step-1;reBot_B601_DM_v1.1_20260401.step-1/04-LINK-3_ASM.step-1/2026-04-01-17-59-41-762.step-1/1-WIRE-CLIP-1.step-1;reBot_B601_DM_v1.1_20260401.step-1/04-LINK-3_ASM.step-1/2026-04-01-17-53-05-654.step-1/7-KM3-12.step-1;reBot_B601_DM_v1.1_20260401.step-1/04-LINK-3_ASM.step-1/2026-04-01-17-53-05-654.step-1/7-KM3-12.step-2;reBot_B601_DM_v1.1_20260401.step-1/04-LINK-3_ASM.step-1/2026-04-01-17-53-05-654.step-1/7-KM3-7.step-10;reBot_B601_DM_v1.1_20260401.step-1/04-LINK-3_ASM.step-1/2026-04-01-17-53-05-654.step-1/7-KM3-7.step-2;reBot_B601_DM_v1.1_20260401.step-1/04-LINK-3_ASM.step-1/2026-04-01-17-53-05-654.step-1/7-KM3-7.step-8;reBot_B601_DM_v1.1_20260401.step-1/04-LINK-3_ASM.step-1/2026-04-01-17-53-05-654.step-1/7-KM3-7.step-9,link4,joint4,joint4,fixed,0.24259998557688,-0.0539999749309626,-0.00162499999999922,0,0,0,link3,0,0,0,,,,,,,,,,,,
motor4,0.0783075191711289,-0.0607190033418072,-0.0301350405983236,0,0,0,0.0990319853065598,3.42756039570368E-05,-3.88095480839139E-10,1.15471911152639E-08,4.09869304696903E-05,-2.77627626004539E-07,3.40225800541687E-05,0,0,0,0,0,0,package://reBot_B601_DM/meshes/motor4.STL,0.627450980392157,0.627450980392157,0.627450980392157,1,0,0,0,0,0,0,package://reBot_B601_DM/meshes/motor4.STL,,reBot_B601_DM_v1.1_20260401.step-1/04-LINK-3_ASM.step-1/2026-04-01-17-53-05-654.step-1/DM-J4310.step-1,link4,joint4,joint4,fixed,0.24259998557688,-0.0539999749309626,-0.00162499999999922,0,0,0,link3,0,0,0,,,,,,,,,,,,
cnc3,0.0896424020285728,-0.0429269143709023,-0.0336441888834909,0,0,0,0.114689426050378,4.09519811505751E-05,4.38803662681532E-06,8.46271342525769E-07,0.000373670524156124,7.58468443414384E-09,0.00040283146456753,0,0,0,0,0,0,package://reBot_B601_DM/meshes/cnc3.STL,0.627450980392157,0.627450980392157,0.627450980392157,1,0,0,0,0,0,0,package://reBot_B601_DM/meshes/cnc3.STL,,reBot_B601_DM_v1.1_20260401.step-1/03-LINK-2_ASM.step-1/2026-04-01-17-44-53-197.step-1/1-LINK-2-ARM-L.step-1;reBot_B601_DM_v1.1_20260401.step-1/03-LINK-2_ASM.step-1/2026-04-01-17-44-53-197.step-1/2-LINK-2-ARM-R.step-1;reBot_B601_DM_v1.1_20260401.step-1/03-LINK-2_ASM.step-1/2026-04-01-17-43-51-870.step-1/7-KM3-7.step-2;reBot_B601_DM_v1.1_20260401.step-1/03-LINK-2_ASM.step-1/2026-04-01-17-43-51-870.step-1/7-KM3-7.step-11;reBot_B601_DM_v1.1_20260401.step-1/03-LINK-2_ASM.step-1/2026-04-01-17-43-51-870.step-1/7-KM3-7.step-10;reBot_B601_DM_v1.1_20260401.step-1/03-LINK-2_ASM.step-1/2026-04-01-17-43-51-870.step-1/7-KM3-7.step-4;reBot_B601_DM_v1.1_20260401.step-1/03-LINK-2_ASM.step-1/2026-04-01-17-43-51-870.step-1/7-KM3-7.step-5;reBot_B601_DM_v1.1_20260401.step-1/03-LINK-2_ASM.step-1/2026-04-01-17-43-51-870.step-1/7-KM3-7.step-3;reBot_B601_DM_v1.1_20260401.step-1/03-LINK-2_ASM.step-1/2026-04-01-17-43-51-870.step-1/7-KA3-12.step-18;reBot_B601_DM_v1.1_20260401.step-1/03-LINK-2_ASM.step-1/2026-04-01-17-43-51-870.step-1/7-KA3-12.step-21;reBot_B601_DM_v1.1_20260401.step-1/03-LINK-2_ASM.step-1/2026-04-01-17-43-51-870.step-1/7-KA3-12.step-24;reBot_B601_DM_v1.1_20260401.step-1/03-LINK-2_ASM.step-1/2026-04-01-17-43-51-870.step-1/7-KM3-9.step-9;reBot_B601_DM_v1.1_20260401.step-1/03-LINK-2_ASM.step-1/2026-04-01-17-43-51-870.step-1/7-KA3-12.step-19;reBot_B601_DM_v1.1_20260401.step-1/03-LINK-2_ASM.step-1/2026-04-01-17-43-51-870.step-1/7-KM3-9.step-11;reBot_B601_DM_v1.1_20260401.step-1/03-LINK-2_ASM.step-1/2026-04-01-17-43-51-870.step-1/7-KA3-12.step-20;reBot_B601_DM_v1.1_20260401.step-1/03-LINK-2_ASM.step-1/2026-04-01-17-43-51-870.step-1/7-KM3-9.step-8;reBot_B601_DM_v1.1_20260401.step-1/03-LINK-2_ASM.step-1/2026-04-01-17-43-51-870.step-1/7-KA3-12.step-25;reBot_B601_DM_v1.1_20260401.step-1/03-LINK-2_ASM.step-1/2026-04-01-17-43-51-870.step-1/7-KM3-9.step-7;reBot_B601_DM_v1.1_20260401.step-1/03-LINK-2_ASM.step-1/2026-04-01-17-43-51-870.step-1/7-KA3-12.step-22;reBot_B601_DM_v1.1_20260401.step-1/03-LINK-2_ASM.step-1/2026-04-01-17-43-51-870.step-1/7-KA3-12.step-26;reBot_B601_DM_v1.1_20260401.step-1/03-LINK-2_ASM.step-1/2026-04-01-17-43-51-870.step-1/7-KA3-12.step-23;reBot_B601_DM_v1.1_20260401.step-1/03-LINK-2_ASM.step-1/2026-04-01-17-44-53-197.step-1/2-SHAFT-SLEEVE-ROTATOR-1.step-1;reBot_B601_DM_v1.1_20260401.step-1/03-LINK-2_ASM.step-1/2026-04-01-17-44-53-197.step-1/2-CONNECTING-ROD-1-L.step-1;reBot_B601_DM_v1.1_20260401.step-1/03-LINK-2_ASM.step-1/2026-04-01-17-44-53-197.step-1/2-SHAFT-SLEEVE-STATOR-1.step-1;reBot_B601_DM_v1.1_20260401.step-1/03-LINK-2_ASM.step-1/2026-04-01-17-43-51-870.step-1/7-KA3-12.step-1;reBot_B601_DM_v1.1_20260401.step-1/03-LINK-2_ASM.step-1/2026-04-01-17-43-51-870.step-1/7-KA3-12.step-13;reBot_B601_DM_v1.1_20260401.step-1/03-LINK-2_ASM.step-1/2026-04-01-17-43-51-870.step-1/7-KA3-12.step-14;reBot_B601_DM_v1.1_20260401.step-1/03-LINK-2_ASM.step-1/2026-04-01-17-43-51-870.step-1/7-KM3-9.step-16;reBot_B601_DM_v1.1_20260401.step-1/03-LINK-2_ASM.step-1/2026-04-01-17-43-51-870.step-1/7-KA3-12.step-8;reBot_B601_DM_v1.1_20260401.step-1/03-LINK-2_ASM.step-1/2026-04-01-17-43-51-870.step-1/7-KM3-9.step-15;reBot_B601_DM_v1.1_20260401.step-1/03-LINK-2_ASM.step-1/2026-04-01-17-43-51-870.step-1/7-KA3-12.step-7;reBot_B601_DM_v1.1_20260401.step-1/03-LINK-2_ASM.step-1/2026-04-01-17-43-51-870.step-1/7-KM3-9.step-18;reBot_B601_DM_v1.1_20260401.step-1/03-LINK-2_ASM.step-1/2026-04-01-17-43-51-870.step-1/7-KA3-12.step-9;reBot_B601_DM_v1.1_20260401.step-1/03-LINK-2_ASM.step-1/2026-04-01-17-43-51-870.step-1/7-KM3-9.step-17;reBot_B601_DM_v1.1_20260401.step-1/03-LINK-2_ASM.step-1/2026-04-01-17-43-51-870.step-1/7-KA3-12.step-3;reBot_B601_DM_v1.1_20260401.step-1/03-LINK-2_ASM.step-1/2026-04-01-17-44-53-197.step-1/2-CONNECTING-ROD-1-R.step-1;reBot_B601_DM_v1.1_20260401.step-1/03-LINK-2_ASM.step-1/2026-04-01-17-43-51-870.step-1/7-KA3-12.step-11;reBot_B601_DM_v1.1_20260401.step-1/03-LINK-2_ASM.step-1/2026-04-01-17-43-51-870.step-1/7-KA3-12.step-12;reBot_B601_DM_v1.1_20260401.step-1/03-LINK-2_ASM.step-1/2026-04-01-17-43-51-870.step-1/7-KM3-7.step-7;reBot_B601_DM_v1.1_20260401.step-1/03-LINK-2_ASM.step-1/2026-04-01-17-43-51-870.step-1/7-KM3-7.step-1;reBot_B601_DM_v1.1_20260401.step-1/03-LINK-2_ASM.step-1/2026-04-01-17-43-51-870.step-1/7-KM3-7.step-6;reBot_B601_DM_v1.1_20260401.step-1/03-LINK-2_ASM.step-1/2026-04-01-17-43-51-870.step-1/7-KM3-7.step-9;reBot_B601_DM_v1.1_20260401.step-1/03-LINK-2_ASM.step-1/2026-04-01-17-43-51-870.step-1/7-KM3-7.step-8;reBot_B601_DM_v1.1_20260401.step-1/03-LINK-2_ASM.step-1/2026-04-01-17-43-51-870.step-1/7-KM3-7.step-12;reBot_B601_DM_v1.1_20260401.step-1/03-LINK-2_ASM.step-1/2026-04-01-17-44-53-197.step-1/2-SPACE-STATOR-1.step-1,link3,joint3,joint3,fixed,-0.264,0,0,0,0,0,link2,0,0,0,,,,,,,,,,,,
pla3_black,0.0938732467753685,-0.0572013798023137,-0.0313905032965202,0,0,0,0.299180227042436,7.92678771870432E-05,1.13634676382421E-05,2.4841983456164E-06,0.000832464919008611,-2.64086317674711E-08,0.000807489388510995,0,0,0,0,0,0,package://reBot_B601_DM/meshes/pla3_black.STL,0.627450980392157,0.627450980392157,0.627450980392157,1,0,0,0,0,0,0,package://reBot_B601_DM/meshes/pla3_black.STL,,reBot_B601_DM_v1.1_20260401.step-1/03-LINK-2_ASM.step-1/2026-04-01-17-46-12-194.step-1/1-HANDLE.step-1;reBot_B601_DM_v1.1_20260401.step-1/03-LINK-2_ASM.step-1/2026-04-01-17-46-12-194.step-1/2-SPACE-UP.step-1;reBot_B601_DM_v1.1_20260401.step-1/03-LINK-2_ASM.step-1/2026-04-01-17-46-12-194.step-1/1-UP-DECORATION-R.step-1;reBot_B601_DM_v1.1_20260401.step-1/03-LINK-2_ASM.step-1/2026-04-01-17-46-12-194.step-1/1-UP-DECORATION-L.step-1,link3,joint3,joint3,fixed,-0.264,0,0,0,0,0,link2,0,0,0,,,,,,,,,,,,
pla3_green,0.100535619787741,-0.0699143178314308,-0.0316381069736753,0,0,0,0.0107541867496358,5.59947035536089E-06,4.20445520997114E-07,-2.94219151505541E-11,8.83570728919031E-06,-4.87771278097789E-10,4.25815776853414E-06,0,0,0,0,0,0,package://reBot_B601_DM/meshes/pla3_green.STL,0.627450980392157,0.627450980392157,0.627450980392157,1,0,0,0,0,0,0,package://reBot_B601_DM/meshes/pla3_green.STL,,reBot_B601_DM_v1.1_20260401.step-1/03-LINK-2_ASM.step-1/2026-04-01-17-46-12-194.step-1/1-UP-COVER.step-1,link3,joint3,joint3,fixed,-0.264,0,0,0,0,0,link2,0,0,0,,,,,,,,,,,,
motor3,0.242600212311884,-0.054135014503927,-0.0268440043805649,0,0,0,0.099031978192153,3.42756002140748E-05,-1.15463040935003E-08,3.86972388416419E-10,3.40225776063548E-05,-2.77629225307359E-07,4.09869275056635E-05,0,0,0,0,0,0,package://reBot_B601_DM/meshes/motor3.STL,0.627450980392157,0.627450980392157,0.627450980392157,1,0,0,0,0,0,0,package://reBot_B601_DM/meshes/motor3.STL,,reBot_B601_DM_v1.1_20260401.step-1/03-LINK-2_ASM.step-1/2026-04-01-17-43-51-870.step-1/DM-J4310.step-1,link3,joint3,joint3,fixed,-0.264,0,0,0,0,0,link2,0,0,0,,,,,,,,,,,,
cnc2,-0.132001306796212,-0.00278548622925606,-0.0373250811602393,0,0,0,0.0931485574788675,2.56837912557488E-05,2.63699906410671E-09,-1.81196675513621E-09,0.000547234992130437,-6.8318303178237E-12,0.000561141167110691,0,0,0,0,0,0,package://reBot_B601_DM/meshes/cnc2.STL,0.627450980392157,0.627450980392157,0.627450980392157,1,0,0,0,0,0,0,package://reBot_B601_DM/meshes/cnc2.STL,,reBot_B601_DM_v1.1_20260401.step-1/02-LINK-1_ASM.step-1/2026-04-01-17-30-12-212.step-1/2-LINK-1-ARM.step-1;reBot_B601_DM_v1.1_20260401.step-1/02-LINK-1_ASM.step-1/2026-04-01-17-30-12-212.step-1/2-LINK-1-ARM.step-2;reBot_B601_DM_v1.1_20260401.step-1/02-LINK-1_ASM.step-1/2026-04-01-17-28-59-434.step-1/7-KA3-12.step-13;reBot_B601_DM_v1.1_20260401.step-1/02-LINK-1_ASM.step-1/2026-04-01-17-28-59-434.step-1/7-KA3-12.step-15;reBot_B601_DM_v1.1_20260401.step-1/02-LINK-1_ASM.step-1/2026-04-01-17-28-59-434.step-1/7-KM3-7.step-24;reBot_B601_DM_v1.1_20260401.step-1/02-LINK-1_ASM.step-1/2026-04-01-17-28-59-434.step-1/7-KM3-7.step-19;reBot_B601_DM_v1.1_20260401.step-1/02-LINK-1_ASM.step-1/2026-04-01-17-28-59-434.step-1/7-KM3-7.step-17;reBot_B601_DM_v1.1_20260401.step-1/02-LINK-1_ASM.step-1/2026-04-01-17-28-59-434.step-1/7-KM3-7.step-4;reBot_B601_DM_v1.1_20260401.step-1/02-LINK-1_ASM.step-1/2026-04-01-17-28-59-434.step-1/7-KM3-7.step-12;reBot_B601_DM_v1.1_20260401.step-1/02-LINK-1_ASM.step-1/2026-04-01-17-28-59-434.step-1/7-KM3-7.step-20;reBot_B601_DM_v1.1_20260401.step-1/02-LINK-1_ASM.step-1/2026-04-01-17-28-59-434.step-1/7-KM3-7.step-8;reBot_B601_DM_v1.1_20260401.step-1/02-LINK-1_ASM.step-1/2026-04-01-17-28-59-434.step-1/7-KM3-7.step-18;reBot_B601_DM_v1.1_20260401.step-1/02-LINK-1_ASM.step-1/2026-04-01-17-28-59-434.step-1/7-KM3-7.step-5;reBot_B601_DM_v1.1_20260401.step-1/02-LINK-1_ASM.step-1/2026-04-01-17-28-59-434.step-1/7-KM3-7.step-21;reBot_B601_DM_v1.1_20260401.step-1/02-LINK-1_ASM.step-1/2026-04-01-17-28-59-434.step-1/7-KM3-7.step-9;reBot_B601_DM_v1.1_20260401.step-1/02-LINK-1_ASM.step-1/2026-04-01-17-28-59-434.step-1/7-KA3-12.step-16;reBot_B601_DM_v1.1_20260401.step-1/02-LINK-1_ASM.step-1/2026-04-01-17-28-59-434.step-1/7-KA3-12.step-10;reBot_B601_DM_v1.1_20260401.step-1/02-LINK-1_ASM.step-1/2026-04-01-17-28-59-434.step-1/7-KM3-7.step-7;reBot_B601_DM_v1.1_20260401.step-1/02-LINK-1_ASM.step-1/2026-04-01-17-28-59-434.step-1/7-KA3-12.step-12;reBot_B601_DM_v1.1_20260401.step-1/02-LINK-1_ASM.step-1/2026-04-01-17-28-59-434.step-1/7-KA3-12.step-14;reBot_B601_DM_v1.1_20260401.step-1/02-LINK-1_ASM.step-1/2026-04-01-17-28-59-434.step-1/7-KM3-7.step-1;reBot_B601_DM_v1.1_20260401.step-1/02-LINK-1_ASM.step-1/2026-04-01-17-28-59-434.step-1/7-KM3-7.step-22;reBot_B601_DM_v1.1_20260401.step-1/02-LINK-1_ASM.step-1/2026-04-01-17-28-59-434.step-1/7-KM3-7.step-14;reBot_B601_DM_v1.1_20260401.step-1/02-LINK-1_ASM.step-1/2026-04-01-17-28-59-434.step-1/7-KM3-7.step-11;reBot_B601_DM_v1.1_20260401.step-1/02-LINK-1_ASM.step-1/2026-04-01-17-28-59-434.step-1/7-KM3-7.step-16;reBot_B601_DM_v1.1_20260401.step-1/02-LINK-1_ASM.step-1/2026-04-01-17-28-59-434.step-1/7-KM3-7.step-6;reBot_B601_DM_v1.1_20260401.step-1/02-LINK-1_ASM.step-1/2026-04-01-17-28-59-434.step-1/7-KM3-7.step-10;reBot_B601_DM_v1.1_20260401.step-1/02-LINK-1_ASM.step-1/2026-04-01-17-28-59-434.step-1/7-KM3-7.step-23;reBot_B601_DM_v1.1_20260401.step-1/02-LINK-1_ASM.step-1/2026-04-01-17-28-59-434.step-1/7-KM3-7.step-15;reBot_B601_DM_v1.1_20260401.step-1/02-LINK-1_ASM.step-1/2026-04-01-17-28-59-434.step-1/7-KM3-7.step-3;reBot_B601_DM_v1.1_20260401.step-1/02-LINK-1_ASM.step-1/2026-04-01-17-28-59-434.step-1/7-KM3-7.step-13;reBot_B601_DM_v1.1_20260401.step-1/02-LINK-1_ASM.step-1/2026-04-01-17-28-59-434.step-1/7-KM3-7.step-2;reBot_B601_DM_v1.1_20260401.step-1/02-LINK-1_ASM.step-1/2026-04-01-17-28-59-434.step-1/7-KA3-12.step-17;reBot_B601_DM_v1.1_20260401.step-1/02-LINK-1_ASM.step-1/2026-04-01-17-28-59-434.step-1/7-KA3-12.step-6;reBot_B601_DM_v1.1_20260401.step-1/02-LINK-1_ASM.step-1/2026-04-01-17-30-12-212.step-1/2-SPACE-STATOR-1.step-1;reBot_B601_DM_v1.1_20260401.step-1/02-LINK-1_ASM.step-1/2026-04-01-17-30-12-212.step-1/2-SPACE-STATOR-1.step-2,link2,joint2,joint2,fixed,0.020084159389597,0.0316249999999994,0.0555499998915274,-1.5707963267949,0,0,link1,0,0,0,,,,,,,,,,,,
motor2,-0.132000185054698,-6.48127376059737E-05,-0.0273613127252805,0,0,0,0.256880819154806,0.00010783275948085,-3.6956547554815E-08,-7.01679811945641E-10,0.000107883556998025,-4.3653551088352E-07,0.000105137415961185,0,0,0,0,0,0,package://reBot_B601_DM/meshes/motor2.STL,0.627450980392157,0.627450980392157,0.627450980392157,1,0,0,0,0,0,0,package://reBot_B601_DM/meshes/motor2.STL,,reBot_B601_DM_v1.1_20260401.step-1/02-LINK-1_ASM.step-1/2026-04-01-17-28-59-434.step-1/DM-J4340P.step-2;reBot_B601_DM_v1.1_20260401.step-1/02-LINK-1_ASM.step-1/2026-04-01-17-28-59-434.step-1/DM-J4340P.step-1,link2,joint2,joint2,fixed,0.020084159389597,0.0316249999999994,0.0555499998915274,-1.5707963267949,0,0,link1,0,0,0,,,,,,,,,,,,
pla2_black,-0.131624950874127,-0.00581437266944948,-0.0316250002530548,0,0,0,0.339897409727803,0.000103715336266312,-4.40393776725055E-07,6.26334241415639E-13,0.00118422700079927,-7.77272119297956E-13,0.00118003594733016,0,0,0,0,0,0,package://reBot_B601_DM/meshes/pla2_black.STL,0.627450980392157,0.627450980392157,0.627450980392157,1,0,0,0,0,0,0,package://reBot_B601_DM/meshes/pla2_black.STL,,reBot_B601_DM_v1.1_20260401.step-1/02-LINK-1_ASM.step-1/2026-04-01-17-35-08-724.step-1/1-DOWN-DECORATION-L.step-1;reBot_B601_DM_v1.1_20260401.step-1/02-LINK-1_ASM.step-1/2026-04-01-17-35-08-724.step-1/1-DOWN-DECORATION-R.step-1;reBot_B601_DM_v1.1_20260401.step-1/02-LINK-1_ASM.step-1/2026-04-01-17-35-08-724.step-1/1-SPACE-DOWN.step-1,link2,joint2,joint2,fixed,0.020084159389597,0.0316249999999994,0.0555499998915274,-1.5707963267949,0,0,link1,0,0,0,,,,,,,,,,,,
pla2_green,-0.148743845618301,0.00482654616782019,-0.0316249984059682,0,0,0,0.018285122145529,1.26752175470585E-05,-1.13244935971911E-06,-4.96694710006045E-13,2.37507368053467E-05,9.5429263498374E-13,1.35369906953874E-05,0,0,0,0,0,0,package://reBot_B601_DM/meshes/pla2_green.STL,0.627450980392157,0.627450980392157,0.627450980392157,1,0,0,0,0,0,0,package://reBot_B601_DM/meshes/pla2_green.STL,,reBot_B601_DM_v1.1_20260401.step-1/02-LINK-1_ASM.step-1/2026-04-01-17-35-08-724.step-1/1-DOWN-COVER.step-1;reBot_B601_DM_v1.1_20260401.step-1/02-LINK-1_ASM.step-1/2026-04-01-17-28-59-434.step-1/7-KA3-12.step-18;reBot_B601_DM_v1.1_20260401.step-1/02-LINK-1_ASM.step-1/2026-04-01-17-28-59-434.step-1/7-KA3-12.step-5;reBot_B601_DM_v1.1_20260401.step-1/02-LINK-1_ASM.step-1/2026-04-01-17-28-59-434.step-1/7-KA3-12.step-2;reBot_B601_DM_v1.1_20260401.step-1/02-LINK-1_ASM.step-1/2026-04-01-17-28-59-434.step-1/7-KA3-12.step-1,link2,joint2,joint2,fixed,0.020084159389597,0.0316249999999994,0.0555499998915274,-1.5707963267949,0,0,link1,0,0,0,,,,,,,,,,,,
cnc1,0.00745813991051425,-0.000705189831505809,0.0227338726447313,0,0,0,0.0622865673616877,7.574942036786E-05,-5.0314143056044E-11,-8.07079043561407E-06,4.97460387620481E-05,-1.48745517312171E-10,7.06821980115347E-05,0,0,0,0,0,0,package://reBot_B601_DM/meshes/cnc1.STL,0.627450980392157,0.627450980392157,0.627450980392157,1,0,0,0,0,0,0,package://reBot_B601_DM/meshes/cnc1.STL,,reBot_B601_DM_v1.1_20260401.step-1/2026-04-01-16-48-42-413.step-1/2026-04-01-17-24-05-844.step-1/2-U-PLATE-1.step-1;reBot_B601_DM_v1.1_20260401.step-1/2026-04-01-16-48-42-413.step-1/2026-04-01-17-21-14-943.step-1/7-KA3-12.step-2;reBot_B601_DM_v1.1_20260401.step-1/2026-04-01-16-48-42-413.step-1/2026-04-01-17-21-14-943.step-1/7-KA3-12.step-1;reBot_B601_DM_v1.1_20260401.step-1/2026-04-01-16-48-42-413.step-1/2026-04-01-17-24-05-844.step-1/2-M1-ROTOR-1.step-1;reBot_B601_DM_v1.1_20260401.step-1/2026-04-01-16-48-42-413.step-1/2026-04-01-17-24-05-844.step-1/2-SHAFT-SLEEVE-ROTATOR-1.step-1;reBot_B601_DM_v1.1_20260401.step-1/2026-04-01-16-48-42-413.step-1/2026-04-01-17-24-05-844.step-1/2-SHAFT-SLEEVE-STATOR-1.step-1,link1,joint1,joint1,fixed,-8.416E-05,0,0.08465,0,0,0,base_link,0,0,0,,,,,,,,,,,,
pla1_black,-0.0212753650047534,-6.84893960405483E-08,0.0113050652326595,0,0,0,0.0217870825008387,9.64364768798793E-06,-3.29416599921151E-12,-1.17098790899738E-07,1.14255810212422E-06,-1.27865482624103E-11,9.70457511983592E-06,0,0,0,0,0,0,package://reBot_B601_DM/meshes/pla1_black.STL,0.627450980392157,0.627450980392157,0.627450980392157,1,0,0,0,0,0,0,package://reBot_B601_DM/meshes/pla1_black.STL,,reBot_B601_DM_v1.1_20260401.step-1/2026-04-01-16-48-42-413.step-1/2026-04-01-17-26-50-842.step-1/1-SPACE-1.step-1;reBot_B601_DM_v1.1_20260401.step-1/2026-04-01-16-48-42-413.step-1/2026-04-01-17-21-14-943.step-1/6-SILICONE-L30W9H2.step-1,link1,joint1,joint1,fixed,-8.416E-05,0,0.08465,0,0,0,base_link,0,0,0,,,,,,,,,,,,
cnc0,8.2921197433435E-05,-1.04677265073482E-06,0.0748302516068053,0,0,0,0.0298927684092265,2.43747970348526E-05,-8.89862100365282E-09,-4.85962288354078E-09,2.42310231920719E-05,2.94116239876311E-11,4.52048012743125E-05,0,0,0,0,0,0,package://reBot_B601_DM/meshes/cnc0.STL,0.627450980392157,0.627450980392157,0.627450980392157,1,0,0,0,0,0,0,package://reBot_B601_DM/meshes/cnc0.STL,,reBot_B601_DM_v1.1_20260401.step-1/01-BASE-1_ASM.step-1/2026-04-01-17-19-22-932.step-1/2-M1-STATOR-1.step-1;reBot_B601_DM_v1.1_20260401.step-1/01-BASE-1_ASM.step-1/2026-04-01-17-17-26-979.step-1/7-HM4-75.step-4;reBot_B601_DM_v1.1_20260401.step-1/01-BASE-1_ASM.step-1/2026-04-01-17-17-26-979.step-1/7-HM4-75.step-1;reBot_B601_DM_v1.1_20260401.step-1/01-BASE-1_ASM.step-1/2026-04-01-17-17-26-979.step-1/7-HM4-75.step-3;reBot_B601_DM_v1.1_20260401.step-1/01-BASE-1_ASM.step-1/2026-04-01-17-17-26-979.step-1/7-HM4-75.step-2,base_link,joint1,joint1,fixed,0,0,0,0,0,0,base_link,0,0,0,,,,,,,,,,,,
pla0_black,-6.07580558462436E-06,-1.09024947503327E-05,0.0266846889763796,0,0,0,0.763607983604928,0.0016526491404007,7.01086936127867E-09,2.45732598396457E-08,0.000977694066488096,-2.18263854674564E-07,0.00238715522348843,0,0,0,0,0,0,package://reBot_B601_DM/meshes/pla0_black.STL,0.627450980392157,0.627450980392157,0.627450980392157,1,0,0,0,0,0,0,package://reBot_B601_DM/meshes/pla0_black.STL,,reBot_B601_DM_v1.1_20260401.step-1/01-BASE-1_ASM.step-1/2026-04-01-17-13-05-853.step-1/1-BASE-PLATE-1.step-1;reBot_B601_DM_v1.1_20260401.step-1/01-BASE-1_ASM.step-1/2026-04-01-17-13-05-853.step-1/1-BASE-UP-1.step-1;reBot_B601_DM_v1.1_20260401.step-1/01-BASE-1_ASM.step-1/2026-04-01-17-17-26-979.step-1/DM-J4340P.step-1;reBot_B601_DM_v1.1_20260401.step-1/01-BASE-1_ASM.step-1/2026-04-01-17-17-26-979.step-1/7-HM4-75.step-1;reBot_B601_DM_v1.1_20260401.step-1/01-BASE-1_ASM.step-1/2026-04-01-17-17-26-979.step-1/7-HM4-75.step-2;reBot_B601_DM_v1.1_20260401.step-1/01-BASE-1_ASM.step-1/2026-04-01-17-17-26-979.step-1/7-HM4-75.step-3;reBot_B601_DM_v1.1_20260401.step-1/01-BASE-1_ASM.step-1/2026-04-01-17-17-26-979.step-1/7-HM4-75.step-4,base_link,joint1,joint1,fixed,0,0,0,0,0,0,base_link,0,0,0,,,,,,,,,,,,
